Case,Sample,Alteration,HoleId,East,North,Depth
1,C001555,silf,DDH-CC-05,3087.8,30342.0,1165.7
2,C001556,x,DDH-CC-05,3086.8,30341.5,1164.1
3,C001557,x,DDH-CC-05,3085.8,30340.9,1162.5
4,C001558,x,DDH-CC-05,3084.8,30340.4,1160.9
5,C001559,silf,DDH-CC-05,3083.8,30339.7,1159.1
6,C001560,silf,DDH-CC-05,3082.5,30339.0,1157.0
7,C001561,silf,DDH-CC-05,3081.4,30338.4,1155.2
8,C001562,silf,DDH-CC-05,3080.7,30337.9,1154.0
9,C001563,silf,DDH-CC-05,3079.8,30337.5,1152.6
10,C001564,silf,DDH-CC-05,3078.8,30336.9,1151.0
11,C001565,silf,DDH-CC-05,3077.9,30336.3,1149.4
12,C001566,silf,DDH-CC-05,3076.8,30335.7,1147.6
13,C001567,silf,DDH-CC-05,3075.9,30335.2,1146.1
14,C001568,silf,DDH-CC-05,3074.9,30334.6,1144.4
15,C001569,silf,DDH-CC-05,3073.9,30334.0,1142.8
16,C001570,silf,DDH-CC-05,3072.9,30333.4,1141.1
17,C001571,silx,DDH-CC-05,3071.9,30332.9,1139.5
18,C001572,silx,DDH-CC-05,3071.3,30332.5,1138.5
19,C001573,silf,DDH-CC-05,3070.5,30332.1,1137.3
20,C001574,silf,DDH-CC-05,3069.9,30331.7,1136.2
21,C001575,silx,DDH-CC-05,3068.9,30331.2,1134.6
22,C001576,silx,DDH-CC-05,3067.9,30330.6,1133.0
23,C001577,silx,DDH-CC-05,3066.9,30330.0,1131.3
24,C001578,silx,DDH-CC-05,3065.9,30329.4,1129.7
25,C001579,silx,DDH-CC-05,3065.1,30329.0,1128.3
26,C001580,silf,DDH-CC-05,3064.1,30328.3,1126.6
27,C001581,silf,DDH-CC-05,3062.9,30327.7,1124.8
28,C001582,silf,DDH-CC-05,3062.0,30327.1,1123.1
29,C001583,silf,DDH-CC-05,3061.0,30326.6,1121.5
30,C001584,silf,DDH-CC-05,3060.0,30326.0,1119.9
31,C001585,silf,DDH-CC-05,3059.0,30325.4,1118.2
32,C001586,silf,DDH-CC-05,3058.0,30324.8,1116.6
33,C001587,silf,DDH-CC-05,3057.0,30324.3,1114.9
34,C001588,silf,DDH-CC-05,3056.0,30323.7,1113.3
35,C001589,silf,DDH-CC-05,3055.0,30323.1,1111.7
36,C001590,silf,DDH-CC-05,3054.0,30322.5,1110.0
37,C001591,silf,DDH-CC-05,3053.0,30322.0,1108.4
38,C001592,silf,DDH-CC-05,3052.0,30321.4,1106.8
39,C001593,silf,DDH-CC-05,3051.0,30320.8,1105.1
40,C001594,silf,DDH-CC-05,3050.0,30320.3,1103.5
41,C001595,silf,DDH-CC-05,3049.0,30319.7,1101.8
42,C001596,silf,DDH-CC-05,3048.0,30319.1,1100.2
43,C001597,silf,DDH-CC-05,3047.1,30318.5,1098.6
44,C001598,silf,DDH-CC-05,3046.1,30318.0,1096.9
45,C001599,silf,DDH-CC-05,3045.1,30317.4,1095.3
46,C001600,silf,DDH-CC-05,3044.1,30316.8,1093.6
47,C001601,silf,DDH-CC-05,3043.1,30316.2,1092.0
48,C001602,silf,DDH-CC-05,3042.1,30315.7,1090.4
49,C001603,silf,DDH-CC-05,3041.1,30315.1,1088.7
50,C001604,silf,DDH-CC-05,3040.1,30314.5,1087.1
51,C001605,silf,DDH-CC-05,3039.1,30313.9,1085.5
52,C001606,silf,DDH-CC-05,3038.1,30313.4,1083.8
53,C001607,silf,DDH-CC-05,3037.1,30312.8,1082.2
54,C001608,silf,DDH-CC-05,3036.1,30312.2,1080.5
55,C001609,silf,DDH-CC-05,3035.1,30311.6,1078.9
56,C001610,silf,DDH-CC-05,3034.1,30311.1,1077.3
57,C001611,silf,DDH-CC-05,3033.1,30310.5,1075.6
58,C001612,silf,DDH-CC-05,3032.2,30309.9,1074.0
59,C001613,silf,DDH-CC-05,3031.2,30309.4,1072.4
60,C001614,silf,DDH-CC-05,3030.2,30308.8,1070.7
61,C001615,silf,DDH-CC-05,3029.2,30308.2,1069.1
62,C001616,silf,DDH-CC-05,3028.2,30307.6,1067.4
63,C001617,silf,DDH-CC-05,3027.2,30307.1,1065.8
64,C001618,silf,DDH-CC-05,3026.2,30306.5,1064.2
65,C001619,silf,DDH-CC-05,3025.2,30305.9,1062.5
66,C001620,aa1,DDH-CC-05,3024.2,30305.3,1060.9
67,C001621,aa1,DDH-CC-05,3023.2,30304.8,1059.2
68,C001622,aa1,DDH-CC-05,3022.2,30304.2,1057.6
69,C001623,aa1,DDH-CC-05,3021.2,30303.6,1056.0
70,C001624,aa1,DDH-CC-05,3020.2,30303.0,1054.3
71,C001625,aa1,DDH-CC-05,3019.2,30302.5,1052.7
72,C001626,aa1,DDH-CC-05,3018.2,30301.9,1051.1
73,C001627,aa1,DDH-CC-05,3017.2,30301.3,1049.4
74,C001628,aa1,DDH-CC-05,3016.3,30300.8,1047.8
75,C001629,aa1,DDH-CC-05,3015.3,30300.2,1046.1
76,C001630,aa1,DDH-CC-05,3014.3,30299.6,1044.5
77,C001631,aa1,DDH-CC-05,3013.3,30299.0,1042.9
78,C001632,aa1,DDH-CC-05,3012.3,30298.5,1041.2
79,C001633,aa1,DDH-CC-05,3011.4,30297.9,1039.7
80,C001416,aa1,DDH-CC-06,3219.8,30415.3,1187.3
81,C001417,silf,DDH-CC-06,3218.8,30414.8,1185.6
82,C001418,silf,DDH-CC-06,3217.8,30414.2,1184.0
83,C001419,silf,DDH-CC-06,3216.8,30413.6,1182.4
84,C001420,silf,DDH-CC-06,3215.8,30413.0,1180.7
85,C001421,silf,DDH-CC-06,3214.8,30412.5,1179.1
86,C001422,silf,DDH-CC-06,3213.8,30411.9,1177.5
87,C001423,silf,DDH-CC-06,3212.8,30411.3,1175.8
88,C001424,silf,DDH-CC-06,3211.8,30410.8,1174.2
89,C001425,silf,DDH-CC-06,3210.8,30410.2,1172.5
90,C001426,silf,DDH-CC-06,3209.8,30409.6,1170.9
91,C001427,silf,DDH-CC-06,3208.8,30409.0,1169.3
92,C001428,silf,DDH-CC-06,3207.8,30408.5,1167.6
93,C001429,silf,DDH-CC-06,3206.8,30407.9,1166.0
94,C001430,silf,DDH-CC-06,3205.8,30407.3,1164.4
95,C001431,silf,DDH-CC-06,3204.9,30406.7,1162.7
96,C001432,silf,DDH-CC-06,3203.9,30406.2,1161.1
97,C001433,silf,DDH-CC-06,3202.9,30405.6,1159.4
98,C001434,silf,DDH-CC-06,3201.9,30405.0,1157.8
99,C001435,silf,DDH-CC-06,3200.9,30404.4,1156.2
100,C001436,silf,DDH-CC-06,3199.9,30403.9,1154.5
101,C001437,silf,DDH-CC-06,3198.9,30403.3,1152.9
102,C001438,silf,DDH-CC-06,3197.9,30402.7,1151.2
103,C001439,silf,DDH-CC-06,3196.9,30402.2,1149.6
104,C001440,silf,DDH-CC-06,3195.9,30401.6,1148.0
105,C001441,silf,DDH-CC-06,3194.9,30401.0,1146.3
106,C001442,silf,DDH-CC-06,3193.9,30400.4,1144.7
107,C001443,silf,DDH-CC-06,3192.9,30399.9,1143.1
108,C001444,silf,DDH-CC-06,3191.9,30399.3,1141.4
109,C001445,aa1,DDH-CC-06,3190.9,30398.7,1139.8
110,C001446,aa1,DDH-CC-06,3190.0,30398.1,1138.1
111,C001447,aa1,DDH-CC-06,3189.0,30397.6,1136.5
112,C001448,aa1,DDH-CC-06,3188.0,30397.0,1134.9
113,C001449,aa1,DDH-CC-06,3187.0,30396.4,1133.2
114,C001450,aa1,DDH-CC-06,3186.0,30395.8,1131.6
115,C001451,aa1,DDH-CC-06,3185.0,30395.3,1129.9
116,C001452,aa1,DDH-CC-06,3184.0,30394.7,1128.3
117,C001453,aa1,DDH-CC-06,3183.0,30394.1,1126.7
118,C001454,aa1,DDH-CC-06,3182.0,30393.5,1125.0
119,C001455,aa1,DDH-CC-06,3181.0,30393.0,1123.4
120,C001456,aa1,DDH-CC-06,3180.0,30392.4,1121.8
121,C001457,aa1,DDH-CC-06,3179.0,30391.8,1120.1
122,C001458,aa1,DDH-CC-06,3178.0,30391.3,1118.5
123,C001459,aa1,DDH-CC-06,3177.0,30390.7,1116.8
124,C001460,aa1,DDH-CC-06,3176.0,30390.1,1115.2
125,C001461,aa1,DDH-CC-06,3175.1,30389.5,1113.6
126,C001462,aa1,DDH-CC-06,3174.1,30389.0,1111.9
127,C001463,silf,DDH-CC-06,3173.2,30388.4,1110.5
128,C001341,aa1,DDH-CC-08,3151.8,30142.0,1191.9
129,C001342,aa1,DDH-CC-08,3153.1,30142.8,1190.5
130,C001343,aa1,DDH-CC-08,3154.3,30143.5,1189.1
131,C001344,aa1,DDH-CC-08,3155.5,30144.2,1187.6
132,C001345,aa1,DDH-CC-08,3157.3,30145.2,1185.5
133,C001346,aa1,DDH-CC-08,3159.8,30146.7,1182.7
134,C001347,arg,DDH-CC-08,3162.6,30148.2,1179.5
135,C001348,prop,DDH-CC-08,3165.6,30150.0,1176.0
136,C001349,prop,DDH-CC-08,3168.7,30151.8,1172.4
137,C001350,prop,DDH-CC-08,3171.7,30153.6,1168.9
138,C001351,prop,DDH-CC-08,3174.8,30155.3,1165.4
139,C001352,prop,DDH-CC-08,3177.9,30157.1,1161.8
140,C001353,prop,DDH-CC-08,3180.9,30158.9,1158.3
141,C001354,prop,DDH-CC-08,3184.0,30160.6,1154.8
142,C001355,prop,DDH-CC-08,3187.4,30162.6,1150.9
143,C001356,aa1,DDH-CC-08,3189.8,30164.0,1148.0
144,C001357,aa1,DDH-CC-08,3191.0,30164.7,1146.6
145,C001358,aa1,DDH-CC-08,3192.3,30165.4,1145.2
146,C001359,arg,DDH-CC-08,3194.4,30166.6,1142.7
147,C001360,prop,DDH-CC-08,3197.5,30168.4,1139.2
148,C001361,prop,DDH-CC-08,3200.6,30170.2,1135.6
149,C001247,silf,DDH-CC-10,3281.9,29984.2,1153.7
150,C001248,silf,DDH-CC-10,3283.1,29984.9,1152.3
151,C001249,silf,DDH-CC-10,3284.4,29985.6,1150.9
152,C001250,silf,DDH-CC-10,3285.6,29986.3,1149.5
153,C001251,silf,DDH-CC-10,3286.8,29987.0,1148.0
154,C001252,silf,DDH-CC-10,3288.0,29987.7,1146.6
155,C001253,silf,DDH-CC-10,3289.3,29988.4,1145.2
156,C001254,silf,DDH-CC-10,3290.5,29989.1,1143.8
157,C001255,silf,DDH-CC-10,3291.7,29989.8,1142.4
158,C001256,silf,DDH-CC-10,3292.9,29990.5,1141.0
159,C001257,silf,DDH-CC-10,3294.2,29991.2,1139.6
160,C001258,silf,DDH-CC-10,3295.4,29991.9,1138.1
161,C001259,silf,DDH-CC-10,3296.6,29992.6,1136.7
162,C001260,silf,DDH-CC-10,3297.8,29993.3,1135.3
163,C001261,silf,DDH-CC-10,3299.1,29994.1,1133.9
164,C001262,silf,DDH-CC-10,3300.3,29994.8,1132.5
165,C001263,silf,DDH-CC-10,3301.5,29995.5,1131.1
166,C001264,silf,DDH-CC-10,3302.7,29996.2,1129.7
167,C001265,silf,DDH-CC-10,3304.0,29996.9,1128.2
168,C001266,silf,DDH-CC-10,3305.2,29997.6,1126.8
169,C001267,silf,DDH-CC-10,3306.4,29998.3,1125.4
170,C001268,silf,DDH-CC-10,3307.7,29999.1,1123.9
171,C001269,aa1,DDH-CC-10,3310.0,30000.3,1121.3
172,C001270,aa1,DDH-CC-10,3311.3,30001.1,1119.8
173,C001271,aa1,DDH-CC-10,3312.5,30001.8,1118.3
174,C001272,aa1,DDH-CC-10,3313.7,30002.5,1116.9
175,C001273,prop,DDH-CC-10,3315.0,30003.2,1115.5
176,C001274,prop,DDH-CC-10,3317.1,30004.5,1113.0
177,C001275,prop,DDH-CC-10,3320.4,30006.4,1109.3
178,C001362,silf,DDH-CC-13,3345.6,29859.9,1186.2
179,C001363,silf,DDH-CC-13,3347.1,29860.8,1184.5
180,C001364,silf,DDH-CC-13,3348.3,29861.5,1183.1
181,C001365,aa1,DDH-CC-13,3349.5,29862.2,1181.6
182,C001366,aa1,DDH-CC-13,3350.7,29862.9,1180.2
183,C001367,aa1,DDH-CC-13,3352.0,29863.6,1178.8
184,C001368,aa1,DDH-CC-13,3353.2,29864.3,1177.4
185,C001369,aa1,DDH-CC-13,3354.4,29865.0,1176.0
186,C001370,aa1,DDH-CC-13,3355.6,29865.7,1174.6
187,C001371,aa1,DDH-CC-13,3356.9,29866.4,1173.2
188,C001372,aa1,DDH-CC-13,3358.1,29867.1,1171.7
189,C001373,aa1,DDH-CC-13,3359.3,29867.8,1170.3
190,C001374,silf,DDH-CC-13,3360.5,29868.5,1168.9
191,C001375,silf,DDH-CC-13,3361.8,29869.3,1167.5
192,C001376,silf,DDH-CC-13,3363.0,29870.0,1166.1
193,C001377,silf,DDH-CC-13,3364.2,29870.7,1164.7
194,C001378,silf,DDH-CC-13,3365.4,29871.4,1163.3
195,C001379,silf,DDH-CC-13,3366.7,29872.1,1161.8
196,C001380,silf,DDH-CC-13,3367.9,29872.8,1160.4
197,C001381,silf,DDH-CC-13,3369.1,29873.5,1159.0
198,C001382,silf,DDH-CC-13,3370.3,29874.2,1157.6
199,C001383,silf,DDH-CC-13,3371.6,29874.9,1156.2
200,C001384,silf,DDH-CC-13,3372.8,29875.6,1154.8
201,C001385,aa1,DDH-CC-13,3374.0,29876.3,1153.4
202,C001386,aa1,DDH-CC-13,3375.2,29877.0,1151.9
203,C001387,aa1,DDH-CC-13,3376.5,29877.7,1150.5
204,C001388,aa1,DDH-CC-13,3377.7,29878.4,1149.1
205,C001389,aa1,DDH-CC-13,3378.9,29879.2,1147.7
206,C001390,aa1,DDH-CC-13,3380.1,29879.9,1146.3
207,C001391,silf,DDH-CC-13,3381.4,29880.6,1144.9
208,C001392,silf,DDH-CC-13,3382.6,29881.3,1143.5
209,C001393,aa1,DDH-CC-13,3383.8,29882.0,1142.0
210,C001394,aa1,DDH-CC-13,3385.0,29882.7,1140.6
211,C001395,aa1,DDH-CC-13,3386.3,29883.4,1139.2
212,C001396,prop,DDH-CC-13,3387.8,29884.3,1137.4
213,C001397,prop,DDH-CC-13,3389.3,29885.2,1135.7
214,C001398,prop,DDH-CC-13,3391.5,29886.4,1133.2
215,C001399,aa2,DDH-CC-13,3393.6,29887.6,1130.7
216,C001400,aa2,DDH-CC-13,3394.8,29888.3,1129.3
217,C001401,aa2,DDH-CC-13,3396.1,29889.1,1127.9
218,C001402,aa2,DDH-CC-13,3397.3,29889.8,1126.5
219,C001403,aa1,DDH-CC-13,3398.5,29890.5,1125.1
220,C001404,aa2,DDH-CC-13,3399.7,29891.2,1123.7
221,C001405,aa2,DDH-CC-13,3400.9,29891.8,1122.3
222,C001276,aa1,DDH-CC-14,3368.8,29748.6,1213.7
223,C001277,silf,DDH-CC-14,3370.3,29749.5,1212.1
224,C001278,silf,DDH-CC-14,3371.5,29750.2,1210.6
225,C001279,silf,DDH-CC-14,3372.7,29750.9,1209.2
226,C001280,silf,DDH-CC-14,3374.0,29751.6,1207.8
227,C001281,silf,DDH-CC-14,3375.2,29752.3,1206.4
228,C001282,silf,DDH-CC-14,3376.4,29753.0,1205.0
229,C001283,silf,DDH-CC-14,3377.6,29753.7,1203.6
230,C001284,silf,DDH-CC-14,3378.9,29754.4,1202.2
231,C001285,silf,DDH-CC-14,3380.1,29755.1,1200.7
232,C001286,silx,DDH-CC-14,3381.3,29755.8,1199.3
233,C001287,silx,DDH-CC-14,3382.5,29756.5,1197.9
234,C001288,silx,DDH-CC-14,3383.8,29757.3,1196.5
235,C001289,aa1,DDH-CC-14,3385.0,29758.0,1195.1
236,C001290,aa1,DDH-CC-14,3386.2,29758.7,1193.7
237,C001291,aa1,DDH-CC-14,3387.4,29759.4,1192.3
238,C001292,aa1,DDH-CC-14,3388.7,29760.1,1190.8
239,C001293,aa1,DDH-CC-14,3389.9,29760.8,1189.4
240,C001294,aa1,DDH-CC-14,3391.1,29761.5,1188.0
241,C001295,aa1,DDH-CC-14,3392.3,29762.2,1186.6
242,C001296,aa1,DDH-CC-14,3393.6,29762.9,1185.2
243,C001297,aa1,DDH-CC-14,3394.8,29763.6,1183.8
244,C001298,aa1,DDH-CC-14,3396.0,29764.3,1182.4
245,C001299,aa1,DDH-CC-14,3397.2,29765.0,1180.9
246,C001300,aa1,DDH-CC-14,3398.5,29765.7,1179.5
247,C001301,aa1,DDH-CC-14,3399.7,29766.4,1178.1
248,C001302,aa1,DDH-CC-14,3400.9,29767.2,1176.7
249,C001303,aa1,DDH-CC-14,3402.1,29767.9,1175.3
250,C001304,aa1,DDH-CC-14,3403.4,29768.6,1173.9
251,C001305,aa1,DDH-CC-14,3404.6,29769.3,1172.5
252,C001306,aa1,DDH-CC-14,3405.8,29770.0,1171.0
253,C001307,silf,DDH-CC-14,3407.0,29770.7,1169.6
254,C001308,silf,DDH-CC-14,3408.3,29771.4,1168.2
255,C001309,aa1,DDH-CC-14,3409.5,29772.1,1166.8
256,C001310,aa1,DDH-CC-14,3410.7,29772.8,1165.4
257,C001311,aa1,DDH-CC-14,3411.9,29773.5,1164.0
258,C001312,aa1,DDH-CC-14,3413.2,29774.2,1162.6
259,C001313,silx,DDH-CC-14,3414.4,29774.9,1161.1
260,C001314,silx,DDH-CC-14,3415.6,29775.6,1159.7
261,C001315,silx,DDH-CC-14,3416.8,29776.3,1158.3
262,C001316,silx,DDH-CC-14,3418.1,29777.1,1156.9
263,C001317,silx,DDH-CC-14,3419.3,29777.8,1155.5
264,C001318,silx,DDH-CC-14,3420.5,29778.5,1154.1
265,C001319,silx,DDH-CC-14,3421.7,29779.2,1152.7
266,C001320,silx,DDH-CC-14,3423.0,29779.9,1151.2
267,C001321,silx,DDH-CC-14,3424.2,29780.6,1149.8
268,C001322,silx,DDH-CC-14,3425.4,29781.3,1148.4
269,C001323,aa1,DDH-CC-14,3426.6,29782.0,1147.0
270,C001324,silx,DDH-CC-14,3427.8,29782.7,1145.6
271,C001325,silx,DDH-CC-14,3429.1,29783.4,1144.2
272,C001326,silx,DDH-CC-14,3430.3,29784.1,1142.8
273,C001327,silx,DDH-CC-14,3431.5,29784.8,1141.3
274,C001328,silx,DDH-CC-14,3432.7,29785.5,1139.9
275,C001329,aa1,DDH-CC-14,3434.0,29786.2,1138.5
276,C001330,silx,DDH-CC-14,3435.2,29787.0,1137.1
277,C001331,silx,DDH-CC-14,3436.4,29787.7,1135.7
278,C001332,silx,DDH-CC-14,3437.6,29788.4,1134.3
279,C001333,silx,DDH-CC-14,3438.9,29789.1,1132.9
280,C001334,silx,DDH-CC-14,3440.1,29789.8,1131.4
281,C001335,silx,DDH-CC-14,3441.3,29790.5,1130.0
282,C001336,arg,DDH-CC-14,3442.5,29791.2,1128.6
283,C001337,arg,DDH-CC-14,3443.8,29791.9,1127.2
284,C001338,arg,DDH-CC-14,3445.9,29793.1,1124.7
285,C001339,arg,DDH-CC-14,3449.0,29794.9,1121.2
286,C001340, ,DDH-CC-14,3452.4,29796.9,1117.2
287,C001406,arg,DDH-CC-15,3582.8,29864.6,1206.8
288,C001407,silf,DDH-CC-15,3585.8,29866.4,1203.3
289,C001408,silf,DDH-CC-15,3588.9,29868.1,1199.7
290,C001409,silf,DDH-CC-15,3591.9,29869.9,1196.2
291,C001410,silf,DDH-CC-15,3595.0,29871.7,1192.7
292,C001411,silf,DDH-CC-15,3598.1,29873.4,1189.1
293,C001412,silf,DDH-CC-15,3601.1,29875.2,1185.6
294,C001413,arg,DDH-CC-15,3604.2,29877.0,1182.1
295,C001414,arg,DDH-CC-15,3607.3,29878.7,1178.5
296,C001415,arg,DDH-CC-15,3609.8,29880.2,1175.6
297,C001634,aa1,DDH-CC-19,3207.6,30402.6,1244.1
298,C001635,aa1,DDH-CC-19,3206.5,30402.0,1242.3
299,C001636,aa1,DDH-CC-19,3205.5,30401.4,1240.6
300,C001637,aa1,DDH-CC-19,3204.5,30400.8,1239.0
301,C001638,aa1,DDH-CC-19,3203.5,30400.3,1237.4
302,C001639,aa1,DDH-CC-19,3202.5,30399.7,1235.7
303,C001640,aa1,DDH-CC-19,3201.6,30399.1,1234.1
304,C001641,aa1,DDH-CC-19,3200.6,30398.6,1232.4
305,C001642,silf,DDH-CC-19,3199.6,30398.0,1230.8
306,C001643,silf,DDH-CC-19,3198.6,30397.4,1229.2
307,C001644,silf,DDH-CC-19,3197.6,30396.8,1227.5
308,C001645,silf,DDH-CC-19,3196.6,30396.3,1225.9
309,C001646,silf,DDH-CC-19,3195.6,30395.7,1224.2
310,C001647,silf,DDH-CC-19,3194.6,30395.1,1222.6
311,C001648,silf,DDH-CC-19,3193.6,30394.5,1221.0
312,C001649,silf,DDH-CC-19,3192.6,30394.0,1219.3
313,C001650,silf,DDH-CC-19,3191.6,30393.4,1217.7
314,C001651,silf,DDH-CC-19,3190.6,30392.8,1216.1
315,C001652,silf,DDH-CC-19,3189.6,30392.2,1214.4
316,C001653,silf,DDH-CC-19,3188.6,30391.7,1212.8
317,C001654,silf,DDH-CC-19,3187.6,30391.1,1211.1
318,C001655,silf,DDH-CC-19,3186.7,30390.5,1209.5
319,C001656,silf,DDH-CC-19,3185.7,30389.9,1207.9
320,C001657,silf,DDH-CC-19,3184.7,30389.4,1206.2
321,C001658,silf,DDH-CC-19,3183.7,30388.8,1204.6
322,C001659,silf,DDH-CC-19,3182.7,30388.2,1202.9
323,C001660,silf,DDH-CC-19,3181.7,30387.7,1201.3
324,C001661,silx,DDH-CC-19,3180.7,30387.1,1199.7
325,C001662,silx,DDH-CC-19,3179.7,30386.5,1198.0
326,C001663,silx,DDH-CC-19,3178.7,30385.9,1196.4
327,C001664,silx,DDH-CC-19,3177.7,30385.4,1194.8
328,C001665,silx,DDH-CC-19,3176.7,30384.8,1193.1
329,C001666,silx,DDH-CC-19,3175.7,30384.2,1191.5
330,C001667,silx,DDH-CC-19,3174.7,30383.6,1189.8
331,C001668,silf,DDH-CC-19,3173.6,30383.0,1188.0
332,C001669,silf,DDH-CC-19,3172.3,30382.2,1185.8
333,C001670,silf,DDH-CC-19,3171.6,30381.8,1184.6
334,C001671,silf,DDH-CC-19,3170.8,30381.3,1183.3
335,C001672,silf,DDH-CC-19,3169.8,30380.8,1181.6
336,C001673,silf,DDH-CC-19,3168.8,30380.2,1180.0
337,C001674,silf,DDH-CC-19,3167.8,30379.6,1178.4
338,C001675,silf,DDH-CC-19,3166.8,30379.0,1176.7
339,C001676,aa1,DDH-CC-19,3165.8,30378.5,1175.1
340,C001677,aa1,DDH-CC-19,3164.8,30377.9,1173.5
341,C001678,aa1,DDH-CC-19,3163.8,30377.3,1171.8
342,C001679,aa1,DDH-CC-19,3162.8,30376.8,1170.2
343,C001680,aa1,DDH-CC-19,3161.8,30376.2,1168.5
344,C001681,aa1,DDH-CC-19,3160.8,30375.6,1166.9
345,C001682,aa1,DDH-CC-19,3159.8,30375.0,1165.3
346,C001683,aa1,DDH-CC-19,3158.8,30374.5,1163.6
347,C001684,aa1,DDH-CC-19,3157.8,30373.9,1162.0
348,C001685,aa1,DDH-CC-19,3156.8,30373.3,1160.4
349,C001686,aa1,DDH-CC-19,3155.9,30372.7,1158.7
350,C001687,aa1,DDH-CC-19,3154.9,30372.2,1157.1
351,C001688,aa1,DDH-CC-19,3153.9,30371.6,1155.4
352,C001689,aa1,DDH-CC-19,3152.9,30371.0,1153.8
353,C001690,aa1,DDH-CC-19,3151.9,30370.4,1152.2
354,C001691,aa1,DDH-CC-19,3150.9,30369.9,1150.5
355,C001692,aa1,DDH-CC-19,3149.9,30369.3,1148.9
356,C001693,aa1,DDH-CC-19,3148.9,30368.7,1147.2
357,C001694,aa1,DDH-CC-19,3147.9,30368.2,1145.6
358,C001695,aa1,DDH-CC-19,3146.9,30367.6,1144.0
359,C001696,aa1,DDH-CC-19,3145.4,30366.7,1141.5
360,C001697,arg,DDH-CC-19,3143.9,30365.9,1139.1
361,C001698,arg,DDH-CC-19,3142.2,30364.9,1136.2
362,C001699,arg,DDH-CC-19,3139.7,30363.4,1132.1
363,C001700,arg,DDH-CC-19,3137.2,30362.0,1128.0
364,C001701,arg,DDH-CC-19,3134.7,30360.6,1123.9
365,C001702,arg,DDH-CC-19,3132.3,30359.1,1119.8
366,C001703,arg,DDH-CC-19,3129.8,30357.7,1115.7
367,C001704,arg,DDH-CC-19,3127.3,30356.2,1111.6
368,C001705,arg,DDH-CC-19,3124.8,30354.8,1107.5
369,C001706,arg,DDH-CC-19,3122.3,30353.4,1103.4
370,C001707,aa1,DDH-CC-19,3119.8,30351.9,1099.3
371,C001708,aa1,DDH-CC-19,3118.1,30350.9,1096.5
372,C001709,aa1,DDH-CC-19,3117.1,30350.4,1094.8
373,C001710,aa1,DDH-CC-19,3116.1,30349.8,1093.2
374,C001711,silx,DDH-CC-19,3115.1,30349.2,1091.5
375,C001712,silx,DDH-CC-19,3114.1,30348.6,1089.9
376,C001713,silx,DDH-CC-19,3113.1,30348.1,1088.3
377,C001714,silx,DDH-CC-19,3112.1,30347.5,1086.6
378,C001715,aa1,DDH-CC-19,3111.2,30346.9,1085.0
379,C001716,aa1,DDH-CC-19,3110.2,30346.4,1083.4
380,C001717,aa1,DDH-CC-19,3109.2,30345.8,1081.7
381,C001718,silf,DDH-CC-19,3108.2,30345.2,1080.1
382,C001719,silf,DDH-CC-19,3107.2,30344.6,1078.4
383,C001720,silf,DDH-CC-19,3106.2,30344.1,1076.8
384,C001721,silf,DDH-CC-19,3105.2,30343.5,1075.2
385,C001722,silf,DDH-CC-19,3104.2,30342.9,1073.5
386,C001723,silf,DDH-CC-19,3103.2,30342.3,1071.9
387,C001724,silf,DDH-CC-19,3102.2,30341.8,1070.2
388,C001725,silf,DDH-CC-19,3101.2,30341.2,1068.6
389,C001726,silf,DDH-CC-19,3100.2,30340.6,1067.0
390,C001727,silf,DDH-CC-19,3099.2,30340.0,1065.3
391,C001728,silf,DDH-CC-19,3098.2,30339.5,1063.7
392,C001729,silf,DDH-CC-19,3097.2,30338.9,1062.1
393,C001730,silf,DDH-CC-19,3096.2,30338.3,1060.4
394,C001731,aa1,DDH-CC-19,3095.3,30337.8,1058.8
395,C001732,arg,DDH-CC-19,3093.3,30336.6,1055.5
396,C001733,aa1,DDH-CC-19,3091.3,30335.5,1052.2
397,C001734,arg,DDH-CC-19,3089.5,30334.5,1049.4
398,C001735,arg,DDH-CC-19,3087.1,30333.0,1045.3
399,C001736,silf,DDH-CC-19,3085.3,30332.0,1042.4
400,C001737,aa1,DDH-CC-19,3084.3,30331.4,1040.8
401,C001738,silf,DDH-CC-19,3083.3,30330.9,1039.1
402,C001739,silf,DDH-CC-19,3082.3,30330.3,1037.5
403,C001740,silf,DDH-CC-19,3081.3,30329.7,1035.8
404,C001741,silf,DDH-CC-19,3080.4,30329.1,1034.2
405,C001742,silf,DDH-CC-19,3079.4,30328.6,1032.6
406,C001743,silf,DDH-CC-19,3078.4,30328.0,1030.9
407,C001744,silf,DDH-CC-19,3077.4,30327.4,1029.3
408,C001745,silf,DDH-CC-19,3076.4,30326.9,1027.6
409,C001746,silf,DDH-CC-19,3075.4,30326.3,1026.0
410,C001747,silf,DDH-CC-19,3074.4,30325.7,1024.4
411,C001748,silf,DDH-CC-19,3073.4,30325.1,1022.7
412,C001749,silf,DDH-CC-19,3072.4,30324.6,1021.1
413,C001750,silf,DDH-CC-19,3071.5,30324.1,1019.7
414,C001751,silf,DDH-CC-19,3070.6,30323.5,1018.1
415,C001464,aa2,DDH-CC-20,3260.9,30442.1,1248.8
416,C001465,aa1,DDH-CC-20,3262.1,30442.8,1247.5
417,C001466,aa2,DDH-CC-20,3263.3,30443.5,1246.1
418,C001467,aa2,DDH-CC-20,3264.5,30444.2,1244.6
419,C001468,aa2,DDH-CC-20,3265.7,30444.9,1243.2
420,C001469,aa2,DDH-CC-20,3267.0,30445.6,1241.8
421,C001470,arg,DDH-CC-20,3268.2,30446.3,1240.4
422,C001471,arg,DDH-CC-20,3270.3,30447.5,1237.9
423,C001472,prop,DDH-CC-20,3273.4,30449.3,1234.4
424,C001473,aa2,DDH-CC-20,3276.5,30451.1,1230.8
425,C001474,aa2,DDH-CC-20,3278.9,30452.5,1228.0
426,C001475,aa1,DDH-CC-20,3280.4,30453.4,1226.3
427,C001476,aa1,DDH-CC-20,3281.7,30454.1,1224.8
428,C001477,aa1,DDH-CC-20,3282.9,30454.8,1223.4
429,C001478,aa1,DDH-CC-20,3284.1,30455.5,1222.0
430,C001479,aa1,DDH-CC-20,3285.3,30456.2,1220.6
431,C001480,aa1,DDH-CC-20,3286.6,30456.9,1219.2
432,C001481,aa1,DDH-CC-20,3287.8,30457.6,1217.8
433,C001482,aa1,DDH-CC-20,3289.3,30458.5,1216.0
434,C001483,aa1,DDH-CC-20,3291.1,30459.6,1213.9
435,C001484,aa1,DDH-CC-20,3292.7,30460.4,1212.1
436,C001485,aa1,DDH-CC-20,3293.9,30461.2,1210.7
437,C001486,aa1,DDH-CC-20,3295.1,30461.9,1209.3
438,C001487,aa1,DDH-CC-20,3296.4,30462.6,1207.9
439,C001488,aa1,DDH-CC-20,3297.6,30463.3,1206.5
440,C001489,aa1,DDH-CC-20,3298.8,30464.0,1205.0
441,C001490,aa1,DDH-CC-20,3300.0,30464.7,1203.6
442,C001491,aa1,DDH-CC-20,3301.3,30465.4,1202.2
443,C001492,aa1,DDH-CC-20,3302.5,30466.1,1200.8
444,C001493,silx,DDH-CC-20,3303.7,30466.8,1199.4
445,C001494,aa1,DDH-CC-20,3304.9,30467.5,1198.0
446,C001495,aa1,DDH-CC-20,3306.2,30468.2,1196.6
447,C001496,aa1,DDH-CC-20,3307.4,30468.9,1195.1
448,C001497,aa1,DDH-CC-20,3308.6,30469.6,1193.7
449,C001498,aa1,DDH-CC-20,3309.8,30470.3,1192.3
450,C001499,aa1,DDH-CC-20,3310.8,30470.9,1191.2
451,C010717,x,DDH-CC-21,2989.8,30407.3,1135.4
452,C010718,x,DDH-CC-21,2992.8,30409.0,1131.9
453,C010719,x,DDH-CC-21,2995.1,30410.4,1129.3
454,C010720,x,DDH-CC-21,2996.5,30411.2,1127.6
455,C010721,x,DDH-CC-21,2997.8,30411.9,1126.2
456,C010722,x,DDH-CC-21,2999.0,30412.6,1124.8
457,C010723,x,DDH-CC-21,3001.1,30413.8,1122.3
458,C010724,x,DDH-CC-21,3004.2,30415.6,1118.8
459,C010725,x,DDH-CC-21,3007.3,30417.4,1115.2
460,C010726,x,DDH-CC-21,3010.3,30419.1,1111.7
461,C010727,x,DDH-CC-21,3013.4,30420.9,1108.2
462,C010728,x,DDH-CC-21,3016.0,30422.4,1105.2
463,C010729,x,DDH-CC-21,3017.2,30423.1,1103.8
464,C010730,x,DDH-CC-21,3018.3,30423.7,1102.5
465,C010731,x,DDH-CC-21,3019.8,30424.6,1100.7
466,C010732,x,DDH-CC-21,3021.0,30425.3,1099.3
467,C010734,x,DDH-CC-21,3022.4,30426.1,1097.8
468,C010735,x,DDH-CC-21,3024.2,30427.2,1095.7
469,C010736,x,DDH-CC-21,3026.0,30428.2,1093.6
470,C010737,x,DDH-CC-21,3027.2,30428.9,1092.2
471,C010738,x,DDH-CC-21,3028.4,30429.6,1090.8
472,C010739,x,DDH-CC-21,3029.6,30430.3,1089.4
473,C010740,x,DDH-CC-21,3030.8,30431.0,1088.0
474,C010741,x,DDH-CC-21,3032.1,30431.7,1086.6
475,C010742,x,DDH-CC-21,3033.3,30432.4,1085.2
476,C010743,x,DDH-CC-21,3034.5,30433.1,1083.8
477,C010744,x,DDH-CC-21,3035.7,30433.8,1082.4
478,C010745,x,DDH-CC-21,3037.0,30434.5,1080.9
479,C010746,x,DDH-CC-21,3038.2,30435.2,1079.5
480,C010747,x,DDH-CC-21,3039.5,30436.0,1078.1
481,C010748,x,DDH-CC-21,3041.9,30437.4,1075.2
482,R010651,x,RCD-CC-07,2976.6,30041.4,1163.3
483,R010652,x,RCD-CC-07,2977.8,30042.1,1161.9
484,R010653,x,RCD-CC-07,2979.1,30042.8,1160.5
485,R010654,x,RCD-CC-07,2980.3,30043.5,1159.1
486,R010655,arg,RCD-CC-07,2981.5,30044.2,1157.6
487,R010656,arg,RCD-CC-07,2982.7,30044.9,1156.2
488,R010657,arg,RCD-CC-07,2984.0,30045.6,1154.8
489,R010658,arg,RCD-CC-07,2985.2,30046.3,1153.4
490,R010659,arg,RCD-CC-07,2986.4,30047.0,1152.0
491,R010660,prop,RCD-CC-07,2987.6,30047.7,1150.6
492,R010661,prop,RCD-CC-07,2988.9,30048.4,1149.2
493,R010662,prop,RCD-CC-07,2990.1,30049.1,1147.7
494,R010663,prop,RCD-CC-07,2991.3,30049.8,1146.3
495,R010664,prop,RCD-CC-07,2992.5,30050.5,1144.9
496,R010665,prop,RCD-CC-07,2993.8,30051.3,1143.5
497,R010666,prop,RCD-CC-07,2995.0,30052.0,1142.1
498,R010667,prop,RCD-CC-07,2996.2,30052.7,1140.7
499,R010668,prop,RCD-CC-07,2997.4,30053.4,1139.3
500,R010669,prop,RCD-CC-07,2998.7,30054.1,1137.8
501,R010670,prop,RCD-CC-07,2999.9,30054.8,1136.4
502,R010671,prop,RCD-CC-07,3001.1,30055.5,1135.0
503,R010672,prop,RCD-CC-07,3002.3,30056.2,1133.6
504,R010673,prop,RCD-CC-07,3003.6,30056.9,1132.2
505,R010674,prop,RCD-CC-07,3004.8,30057.6,1130.8
506,R010675,prop,RCD-CC-07,3006.0,30058.3,1129.4
507,R010676,prop,RCD-CC-07,3007.2,30059.0,1127.9
508,R010677,prop,RCD-CC-07,3008.5,30059.7,1126.5
509,R010678,arg,RCD-CC-07,3009.7,30060.4,1125.1
510,R010096,x,RCD-CC-22,2956.5,30295.3,1216.2
511,R010097,x,RCD-CC-22,2957.5,30295.9,1214.5
512,R010098,x,RCD-CC-22,2958.5,30296.4,1212.9
513,R010099,x,RCD-CC-22,2959.5,30297.0,1211.3
514,R010100,x,RCD-CC-22,2960.5,30297.6,1209.6
515,R010101,x,RCD-CC-22,2961.5,30298.2,1208.0
516,R010102,x,RCD-CC-22,2962.5,30298.7,1206.4
517,R010103,silf,RCD-CC-22,2963.5,30299.3,1204.7
518,R010104,silf,RCD-CC-22,2964.4,30299.9,1203.1
519,R010105,silf,RCD-CC-22,2965.4,30300.4,1201.4
520,R010106,aa2,RCD-CC-22,2966.4,30301.0,1199.8
521,R010107,aa2,RCD-CC-22,2967.4,30301.6,1198.2
522,R010108,aa2,RCD-CC-22,2968.4,30302.2,1196.5
523,R010109,silx,RCD-CC-22,2969.4,30302.7,1194.9
524,R010110,silx,RCD-CC-22,2970.4,30303.3,1193.2
525,R010111,silx,RCD-CC-22,2971.4,30303.9,1191.6
526,R010112,silx,RCD-CC-22,2972.4,30304.5,1190.0
527,R010113,silx,RCD-CC-22,2973.4,30305.0,1188.3
528,R010114,silx,RCD-CC-22,2974.4,30305.6,1186.7
529,R010115,silx,RCD-CC-22,2975.4,30306.2,1185.1
530,R010116,silf,RCD-CC-22,2976.4,30306.8,1183.4
531,R010117,silf,RCD-CC-22,2977.4,30307.3,1181.8
532,R010118,silf,RCD-CC-22,2978.4,30307.9,1180.1
533,R010119,silf,RCD-CC-22,2979.3,30308.5,1178.5
534,R010120,silf,RCD-CC-22,2980.3,30309.1,1176.9
535,R010121,silf,RCD-CC-22,2981.3,30309.6,1175.2
536,R010122,silf,RCD-CC-22,2982.3,30310.2,1173.6
537,R010123,silf,RCD-CC-22,2983.3,30310.8,1171.9
538,R010124,silf,RCD-CC-22,2984.3,30311.3,1170.3
539,R010125,silf,RCD-CC-22,2985.3,30311.9,1168.7
540,R010126,silf,RCD-CC-22,2986.3,30312.5,1167.0
541,R010127,silf,RCD-CC-22,2987.3,30313.1,1165.4
542,R010128,silf,RCD-CC-22,2988.3,30313.6,1163.8
543,R010129,silf,RCD-CC-22,2989.3,30314.2,1162.1
544,R010130,silf,RCD-CC-22,2990.3,30314.8,1160.5
545,R010131,silf,RCD-CC-22,2991.3,30315.4,1158.8
546,R010132,silf,RCD-CC-22,2992.3,30315.9,1157.2
547,R010133,silf,RCD-CC-22,2993.3,30316.5,1155.6
548,R010134,silf,RCD-CC-22,2994.2,30317.1,1153.9
549,R010135,silf,RCD-CC-22,2995.2,30317.7,1152.3
550,R010136,silf,RCD-CC-22,2996.2,30318.2,1150.6
551,R010137,silf,RCD-CC-22,2997.2,30318.8,1149.0
552,R010138,silf,RCD-CC-22,2998.2,30319.4,1147.4
553,R010139,silf,RCD-CC-22,2999.2,30320.0,1145.7
554,R010140,silf,RCD-CC-22,3000.2,30320.5,1144.1
555,R010141,silf,RCD-CC-22,3001.2,30321.1,1142.5
556,R010142,silf,RCD-CC-22,3002.2,30321.7,1140.8
557,R010143,silf,RCD-CC-22,3003.2,30322.2,1139.2
558,R010144,silf,RCD-CC-22,3004.2,30322.8,1137.5
559,R010145,silf,RCD-CC-22,3005.2,30323.4,1135.9
560,R010146,silf,RCD-CC-22,3006.2,30324.0,1134.3
561,R010147,silf,RCD-CC-22,3007.2,30324.5,1132.6
562,R010148,silf,RCD-CC-22,3008.2,30325.1,1131.0
563,R010149,silf,RCD-CC-22,3009.2,30325.7,1129.4
564,R010150,silf,RCD-CC-22,3010.1,30326.3,1127.7
565,R010151,silf,RCD-CC-22,3011.1,30326.8,1126.1
566,R010152,silf,RCD-CC-22,3012.1,30327.4,1124.4
567,R010153,silf,RCD-CC-22,3013.1,30328.0,1122.8
568,R010154,silf,RCD-CC-22,3014.1,30328.6,1121.2
569,R010155,silf,RCD-CC-22,3015.1,30329.1,1119.5
570,R010156,silf,RCD-CC-22,3016.1,30329.7,1117.9
571,R010157,silf,RCD-CC-22,3017.1,30330.3,1116.2
572,R010158,silf,RCD-CC-22,3018.1,30330.8,1114.6
573,R010159,silf,RCD-CC-22,3019.1,30331.4,1113.0
574,R010160,silf,RCD-CC-22,3021.1,30332.6,1109.7
575,R010161,silf,RCD-CC-22,3022.1,30333.1,1108.1
576,R010162,silf,RCD-CC-22,3023.1,30333.7,1106.4
577,R010163,silf,RCD-CC-22,3024.1,30334.3,1104.8
578,R010164,silf,RCD-CC-22,3025.0,30334.9,1103.1
579,R010165,silf,RCD-CC-22,3026.0,30335.4,1101.5
580,R010166,silf,RCD-CC-22,3027.0,30336.0,1099.9
581,R010167,silf,RCD-CC-22,3028.0,30336.6,1098.2
582,R010168,silf,RCD-CC-22,3029.0,30337.2,1096.6
583,R010169,silf,RCD-CC-22,3030.0,30337.7,1094.9
584,R010170,silf,RCD-CC-22,3031.0,30338.3,1093.3
585,R010171,silf,RCD-CC-22,3032.0,30338.9,1091.7
586,R010172,silf,RCD-CC-22,3033.0,30339.5,1090.0
587,R010173,silf,RCD-CC-22,3034.0,30340.0,1088.4
588,R010174,silf,RCD-CC-22,3035.0,30340.6,1086.8
589,R010175,silf,RCD-CC-22,3036.0,30341.2,1085.1
590,R010176,silf,RCD-CC-22,3037.0,30341.7,1083.5
591,R010177,silf,RCD-CC-22,3038.0,30342.3,1081.8
592,R010178,silf,RCD-CC-22,3039.0,30342.9,1080.2
593,R010179,silf,RCD-CC-22,3039.9,30343.5,1078.6
594,R010180,silf,RCD-CC-22,3040.9,30344.0,1076.9
595,R010805,silf,RCD-CC-22,3042.9,30345.2,1073.6
596,R010806,silf,RCD-CC-22,3043.9,30345.8,1072.0
597,R010807,silf,RCD-CC-22,3044.9,30346.3,1070.4
598,R010808,silf,RCD-CC-22,3045.9,30346.9,1068.7
599,R010809,silf,RCD-CC-22,3046.9,30347.5,1067.1
600,R010810,silf,RCD-CC-22,3047.9,30348.1,1065.5
601,R010811,silf,RCD-CC-22,3048.9,30348.6,1063.8
602,R010812,silf,RCD-CC-22,3049.9,30349.2,1062.2
603,R010813,silf,RCD-CC-22,3050.9,30349.8,1060.5
604,R010814,silf,RCD-CC-22,3051.9,30350.4,1058.9
605,R010815,silf,RCD-CC-22,3052.9,30350.9,1057.3
606,R010816,silf,RCD-CC-22,3053.9,30351.5,1055.6
607,R010817,silf,RCD-CC-22,3054.8,30352.1,1054.0
608,R010818,silf,RCD-CC-22,3055.8,30352.6,1052.4
609,R010819,silf,RCD-CC-22,3056.8,30353.2,1050.7
610,R010820,silf,RCD-CC-22,3057.8,30353.8,1049.1
611,R010821,silf,RCD-CC-22,3058.8,30354.4,1047.4
612,R010822,silf,RCD-CC-22,3059.8,30354.9,1045.8
613,R010823,silf,RCD-CC-22,3060.8,30355.5,1044.2
614,R010824,silf,RCD-CC-22,3061.8,30356.1,1042.5
615,R010825,silf,RCD-CC-22,3062.8,30356.7,1040.9
616,R010826,silf,RCD-CC-22,3063.8,30357.2,1039.2
617,R010827,silf,RCD-CC-22,3064.8,30357.8,1037.6
618,R010828,silf,RCD-CC-22,3065.8,30358.4,1036.0
619,R010236,aa1,RCD-CC-23,3031.5,30339.3,1233.2
620,R010237,aa1,RCD-CC-23,3032.5,30339.9,1231.5
621,R010238,aa1,RCD-CC-23,3033.5,30340.4,1229.9
622,R010239,aa1,RCD-CC-23,3034.5,30341.0,1228.3
623,R010240,aa1,RCD-CC-23,3035.5,30341.6,1226.6
624,R010241,aa1,RCD-CC-23,3036.5,30342.2,1225.0
625,R010242,aa1,RCD-CC-23,3037.5,30342.7,1223.4
626,R010243,aa1,RCD-CC-23,3038.5,30343.3,1221.7
627,R010244,aa1,RCD-CC-23,3039.4,30343.9,1220.1
628,R010245,aa1,RCD-CC-23,3040.4,30344.4,1218.4
629,R010246,aa1,RCD-CC-23,3041.4,30345.0,1216.8
630,R010247,aa1,RCD-CC-23,3042.4,30345.6,1215.2
631,R010248,aa1,RCD-CC-23,3043.4,30346.2,1213.5
632,R010249,aa1,RCD-CC-23,3044.4,30346.7,1211.9
633,R010250,aa1,RCD-CC-23,3045.4,30347.3,1210.2
634,R010251,aa1,RCD-CC-23,3046.4,30347.9,1208.6
635,R010252,silx,RCD-CC-23,3047.4,30348.5,1207.0
636,R010253,silx,RCD-CC-23,3048.4,30349.0,1205.3
637,R010254,silx,RCD-CC-23,3049.4,30349.6,1203.7
638,R010255,silx,RCD-CC-23,3050.4,30350.2,1202.1
639,R010256,silx,RCD-CC-23,3051.4,30350.8,1200.4
640,R010257,silx,RCD-CC-23,3052.4,30351.3,1198.8
641,R010258,silx,RCD-CC-23,3053.4,30351.9,1197.1
642,R010259,silx,RCD-CC-23,3054.3,30352.5,1195.5
643,R010260,silx,RCD-CC-23,3055.3,30353.1,1193.9
644,R010261,silf,RCD-CC-23,3056.3,30353.6,1192.2
645,R010262,silf,RCD-CC-23,3057.3,30354.2,1190.6
646,R010263,silf,RCD-CC-23,3058.3,30354.8,1188.9
647,R010264,silf,RCD-CC-23,3059.3,30355.3,1187.3
648,R010265,silf,RCD-CC-23,3060.3,30355.9,1185.7
649,R010266,silf,RCD-CC-23,3061.3,30356.5,1184.0
650,R010267,silf,RCD-CC-23,3062.3,30357.1,1182.4
651,R010268,silf,RCD-CC-23,3063.3,30357.6,1180.8
652,R010269,silf,RCD-CC-23,3064.3,30358.2,1179.1
653,R010270,silf,RCD-CC-23,3065.3,30358.8,1177.5
654,R010271,silf,RCD-CC-23,3066.3,30359.4,1175.8
655,R010272,silf,RCD-CC-23,3067.3,30359.9,1174.2
656,R010273,silf,RCD-CC-23,3068.3,30360.5,1172.6
657,R010274,silf,RCD-CC-23,3069.2,30361.1,1170.9
658,R010275,silf,RCD-CC-23,3070.2,30361.7,1169.3
659,R010276,silf,RCD-CC-23,3071.2,30362.2,1167.6
660,R010277,silf,RCD-CC-23,3072.2,30362.8,1166.0
661,R010278,silf,RCD-CC-23,3073.2,30363.4,1164.4
662,R010279,x,RCD-CC-23,3076.2,30365.1,1159.5
663,R010280,x,RCD-CC-23,3077.2,30365.7,1157.8
664,R010281,x,RCD-CC-23,3078.2,30366.2,1156.2
665,R010282,x,RCD-CC-23,3079.2,30366.8,1154.5
666,R010283,x,RCD-CC-23,3080.2,30367.4,1152.9
667,R010284,x,RCD-CC-23,3081.2,30368.0,1151.3
668,R010285,x,RCD-CC-23,3082.2,30368.5,1149.6
669,R010286,aa2,RCD-CC-23,3083.2,30369.1,1148.0
670,R010287,aa2,RCD-CC-23,3084.2,30369.7,1146.4
671,R010288,silf,RCD-CC-23,3085.1,30370.3,1144.7
672,R010289,aa2,RCD-CC-23,3086.1,30370.8,1143.1
673,R010290,aa2,RCD-CC-23,3087.1,30371.4,1141.4
674,R010291,silf,RCD-CC-23,3088.1,30372.0,1139.8
675,R010292,silf,RCD-CC-23,3089.1,30372.6,1138.2
676,R010293,silf,RCD-CC-23,3090.1,30373.1,1136.5
677,R010294,aa2,RCD-CC-23,3091.1,30373.7,1134.9
678,R010295,aa2,RCD-CC-23,3092.1,30374.3,1133.2
679,R010296,aa2,RCD-CC-23,3093.1,30374.8,1131.6
680,R010297,aa2,RCD-CC-23,3094.1,30375.4,1130.0
681,R010298,aa2,RCD-CC-23,3095.1,30376.0,1128.3
682,R010299,silx,RCD-CC-23,3096.1,30376.6,1126.7
683,R010300,silx,RCD-CC-23,3097.1,30377.1,1125.1
684,R010301,silx,RCD-CC-23,3098.1,30377.7,1123.4
685,R010302,silx,RCD-CC-23,3099.1,30378.3,1121.8
686,R010181,prop,RCD-CC-24,3197.5,30451.7,1256.2
687,R010182,prop,RCD-CC-24,3196.5,30451.1,1254.5
688,R010183,prop,RCD-CC-24,3195.5,30450.6,1252.9
689,R010184,prop,RCD-CC-24,3194.5,30450.0,1251.3
690,R010185,prop,RCD-CC-24,3193.5,30449.4,1249.6
691,R010186,prop,RCD-CC-24,3192.5,30448.8,1248.0
692,R010187,prop,RCD-CC-24,3191.5,30448.3,1246.4
693,R010188,prop,RCD-CC-24,3190.5,30447.7,1244.7
694,R010189,prop,RCD-CC-24,3189.6,30447.1,1243.1
695,R010190,silx,RCD-CC-24,3188.6,30446.6,1241.4
696,R010191,silx,RCD-CC-24,3187.6,30446.0,1239.8
697,R010192,aa1,RCD-CC-24,3186.6,30445.4,1238.2
698,R010193,aa1,RCD-CC-24,3185.6,30444.8,1236.5
699,R010194,aa1,RCD-CC-24,3184.6,30444.3,1234.9
700,R010195,aa1,RCD-CC-24,3183.6,30443.7,1233.2
701,R010196,aa1,RCD-CC-24,3182.6,30443.1,1231.6
702,R010197,aa1,RCD-CC-24,3181.6,30442.5,1230.0
703,R010198,aa1,RCD-CC-24,3180.6,30442.0,1228.3
704,R010199,silf,RCD-CC-24,3179.6,30441.4,1226.7
705,R010200,silf,RCD-CC-24,3178.6,30440.8,1225.1
706,R010201,silf,RCD-CC-24,3177.6,30440.2,1223.4
707,R010202,silf,RCD-CC-24,3176.6,30439.7,1221.8
708,R010203,silf,RCD-CC-24,3175.6,30439.1,1220.1
709,R010204,silf,RCD-CC-24,3174.7,30438.5,1218.5
710,R010205,silf,RCD-CC-24,3173.7,30437.9,1216.9
711,R010206,silf,RCD-CC-24,3172.7,30437.4,1215.2
712,R010207,silf,RCD-CC-24,3171.7,30436.8,1213.6
713,R010208,silf,RCD-CC-24,3170.7,30436.2,1211.9
714,R010209,silf,RCD-CC-24,3169.7,30435.7,1210.3
715,R010210,silf,RCD-CC-24,3168.7,30435.1,1208.7
716,R010211,silf,RCD-CC-24,3167.7,30434.5,1207.0
717,R010212,prop,RCD-CC-24,3166.7,30433.9,1205.4
718,R010213,prop,RCD-CC-24,3165.7,30433.4,1203.8
719,R010214,prop,RCD-CC-24,3164.7,30432.8,1202.1
720,R010215,arg,RCD-CC-24,3163.7,30432.2,1200.5
721,R010216,arg,RCD-CC-24,3162.7,30431.6,1198.8
722,R010217,arg,RCD-CC-24,3161.7,30431.1,1197.2
723,R010218,arg,RCD-CC-24,3160.7,30430.5,1195.6
724,R010219,arg,RCD-CC-24,3159.8,30429.9,1193.9
725,R010220,arg,RCD-CC-24,3158.8,30429.3,1192.3
726,R010221,arg,RCD-CC-24,3157.8,30428.8,1190.6
727,R010222,arg,RCD-CC-24,3156.8,30428.2,1189.0
728,R010223,arg,RCD-CC-24,3155.8,30427.6,1187.4
729,R010224,prop,RCD-CC-24,3154.8,30427.0,1185.7
730,R010225,prop,RCD-CC-24,3153.8,30426.5,1184.1
731,R010226,prop,RCD-CC-24,3152.8,30425.9,1182.5
732,R010227,prop,RCD-CC-24,3151.8,30425.3,1180.8
733,R010228,prop,RCD-CC-24,3150.8,30424.8,1179.2
734,R010229,prop,RCD-CC-24,3149.8,30424.2,1177.5
735,R010230,prop,RCD-CC-24,3148.8,30423.6,1175.9
736,R010231,prop,RCD-CC-24,3147.8,30423.0,1174.3
737,R010232,prop,RCD-CC-24,3146.8,30422.5,1172.6
738,R010233,prop,RCD-CC-24,3145.8,30421.9,1171.0
739,R010234,prop,RCD-CC-24,3144.8,30421.3,1169.4
740,R010235,prop,RCD-CC-24,3144.1,30420.9,1168.1
741,R010303,x,RCD-CC-25,3004.5,30178.3,1194.2
742,R010304,x,RCD-CC-25,3005.5,30178.9,1192.5
743,R010305,x,RCD-CC-25,3006.5,30179.4,1190.9
744,R010306,x,RCD-CC-25,3007.5,30180.0,1189.3
745,R010307,x,RCD-CC-25,3008.5,30180.6,1187.6
746,R010308,x,RCD-CC-25,3009.5,30181.2,1186.0
747,R010309,x,RCD-CC-25,3010.5,30181.7,1184.4
748,R010310,aa2,RCD-CC-25,3011.5,30182.3,1182.7
749,R010311,silx,RCD-CC-25,3012.4,30182.9,1181.1
750,R010312,silx,RCD-CC-25,3013.4,30183.4,1179.4
751,R010313,silx,RCD-CC-25,3014.4,30184.0,1177.8
752,R010314,silx,RCD-CC-25,3015.4,30184.6,1176.2
753,R010315,silx,RCD-CC-25,3016.4,30185.2,1174.5
754,R010316,silx,RCD-CC-25,3017.4,30185.7,1172.9
755,R010317,silx,RCD-CC-25,3018.4,30186.3,1171.2
756,R010318,silx,RCD-CC-25,3019.4,30186.9,1169.6
757,R010319,silx,RCD-CC-25,3020.4,30187.5,1168.0
758,R010320,silx,RCD-CC-25,3021.4,30188.0,1166.3
759,R010321,silx,RCD-CC-25,3022.4,30188.6,1164.7
760,R010322,silx,RCD-CC-25,3023.4,30189.2,1163.1
761,R010323,silx,RCD-CC-25,3024.4,30189.8,1161.4
762,R010324,silx,RCD-CC-25,3025.4,30190.3,1159.8
763,R010325,silx,RCD-CC-25,3026.4,30190.9,1158.1
764,R010326,silx,RCD-CC-25,3027.3,30191.5,1156.5
765,R010327,silx,RCD-CC-25,3028.3,30192.1,1154.9
766,R010328,silf,RCD-CC-25,3029.3,30192.6,1153.2
767,R010329,silf,RCD-CC-25,3030.3,30193.2,1151.6
768,R010330,silf,RCD-CC-25,3031.3,30193.8,1149.9
769,R010331,silf,RCD-CC-25,3032.3,30194.3,1148.3
770,R010332,silf,RCD-CC-25,3033.3,30194.9,1146.7
771,R010333,silf,RCD-CC-25,3034.3,30195.5,1145.0
772,R010334,silf,RCD-CC-25,3035.3,30196.1,1143.4
773,R010335,silf,RCD-CC-25,3036.3,30196.6,1141.8
774,R010336,silf,RCD-CC-25,3037.3,30197.2,1140.1
775,R010337,silf,RCD-CC-25,3038.3,30197.8,1138.5
776,R010338,silf,RCD-CC-25,3039.3,30198.4,1136.8
777,R010339,silf,RCD-CC-25,3041.3,30199.5,1133.6
778,R010340,silf,RCD-CC-25,3043.2,30200.7,1130.3
779,R010341,silf,RCD-CC-25,3044.2,30201.2,1128.6
780,R010342,silf,RCD-CC-25,3045.2,30201.8,1127.0
781,R010343,silf,RCD-CC-25,3046.2,30202.4,1125.4
782,R010344,silf,RCD-CC-25,3047.2,30203.0,1123.7
783,R010345,silf,RCD-CC-25,3048.2,30203.5,1122.1
784,R010346,silf,RCD-CC-25,3049.2,30204.1,1120.5
785,R010347,silx,RCD-CC-25,3050.2,30204.7,1118.8
786,R010348,silf,RCD-CC-25,3051.2,30205.2,1117.2
787,R010349,silf,RCD-CC-25,3052.2,30205.8,1115.5
788,R010350,silf,RCD-CC-25,3053.2,30206.4,1113.9
789,R010351,silf,RCD-CC-25,3054.2,30207.0,1112.3
790,R010352,silf,RCD-CC-25,3055.2,30207.5,1110.6
791,R010353,silf,RCD-CC-25,3056.2,30208.1,1109.0
792,R010354,silf,RCD-CC-25,3057.2,30208.7,1107.4
793,R010355,silf,RCD-CC-25,3058.1,30209.3,1105.7
794,R010356,silf,RCD-CC-25,3059.1,30209.8,1104.1
795,R010357,silx,RCD-CC-25,3060.1,30210.4,1102.4
796,R010358,silf,RCD-CC-25,3061.1,30211.0,1100.8
797,R010359,silf,RCD-CC-25,3063.1,30212.1,1097.5
798,R010360,silf,RCD-CC-25,3064.1,30212.7,1095.9
799,R010361,silx,RCD-CC-25,3066.1,30213.8,1092.6
800,R010362,aa1,RCD-CC-25,3067.1,30214.4,1091.0
801,R010363,aa1,RCD-CC-25,3068.1,30215.0,1089.3
802,R010364,silf,RCD-CC-25,3069.1,30215.6,1087.7
803,R010365,silf,RCD-CC-25,3070.1,30216.1,1086.1
804,R010366,silf,RCD-CC-25,3071.1,30216.7,1084.4
805,R010367,silf,RCD-CC-25,3072.1,30217.3,1082.8
806,R010368,silf,RCD-CC-25,3073.0,30217.9,1081.1
807,R010369,aa1,RCD-CC-25,3074.0,30218.4,1079.5
808,R010370,aa1,RCD-CC-25,3075.0,30219.0,1077.9
809,R010371,aa1,RCD-CC-25,3076.0,30219.6,1076.2
810,R010372,aa1,RCD-CC-25,3077.0,30220.2,1074.6
811,R010373,aa1,RCD-CC-25,3078.0,30220.7,1072.9
812,R010374,aa1,RCD-CC-25,3079.0,30221.3,1071.3
813,R010375,silf,RCD-CC-25,3080.0,30221.9,1069.7
814,R010376,silf,RCD-CC-25,3081.0,30222.5,1068.0
815,R010377,silf,RCD-CC-25,3082.0,30223.0,1066.4
816,R010378,aa1,RCD-CC-25,3083.0,30223.6,1064.8
817,R010379,aa1,RCD-CC-25,3084.0,30224.2,1063.1
818,R010380,aa1,RCD-CC-25,3084.7,30224.6,1061.9
819,R010381,x,RCD-CC-26,3087.5,30226.3,1206.2
820,R010382,x,RCD-CC-26,3088.5,30226.9,1204.5
821,R010383,x,RCD-CC-26,3089.5,30227.4,1202.9
822,R010384,x,RCD-CC-26,3090.5,30228.0,1201.3
823,R010385,arg,RCD-CC-26,3091.5,30228.6,1199.6
824,R010386,arg,RCD-CC-26,3092.5,30229.2,1198.0
825,R010387,arg,RCD-CC-26,3093.5,30229.7,1196.4
826,R010388,arg,RCD-CC-26,3094.5,30230.3,1194.7
827,R010389,arg,RCD-CC-26,3095.4,30230.9,1193.1
828,R010390,arg,RCD-CC-26,3096.4,30231.4,1191.4
829,R010391,arg,RCD-CC-26,3097.4,30232.0,1189.8
830,R010392,arg,RCD-CC-26,3098.4,30232.6,1188.2
831,R010393,arg,RCD-CC-26,3099.4,30233.2,1186.5
832,R010394,arg,RCD-CC-26,3100.4,30233.7,1184.9
833,R010395,arg,RCD-CC-26,3101.4,30234.3,1183.2
834,R010396,arg,RCD-CC-26,3102.4,30234.9,1181.6
835,R010397,arg,RCD-CC-26,3103.4,30235.5,1180.0
836,R010398,arg,RCD-CC-26,3104.4,30236.0,1178.3
837,R010399,arg,RCD-CC-26,3105.4,30236.6,1176.7
838,R010400,arg,RCD-CC-26,3106.4,30237.2,1175.1
839,R010401,arg,RCD-CC-26,3107.4,30237.8,1173.4
840,R010402,arg,RCD-CC-26,3108.4,30238.3,1171.8
841,R010403,arg,RCD-CC-26,3109.4,30238.9,1170.1
842,R010404,arg,RCD-CC-26,3110.3,30239.5,1168.5
843,R010405,arg,RCD-CC-26,3111.3,30240.1,1166.9
844,R010406,arg,RCD-CC-26,3112.3,30240.6,1165.2
845,R010407,arg,RCD-CC-26,3113.3,30241.2,1163.6
846,R010408,aa2,RCD-CC-27,3164.5,30300.3,1218.2
847,R010409,aa2,RCD-CC-27,3165.5,30300.9,1216.5
848,R010410,aa2,RCD-CC-27,3166.5,30301.4,1214.9
849,R010411,aa2,RCD-CC-27,3167.5,30302.0,1213.3
850,R010412,aa2,RCD-CC-27,3168.5,30302.6,1211.6
851,R010413,aa2,RCD-CC-27,3169.5,30303.2,1210.0
852,R010414,arg,RCD-CC-27,3170.5,30303.7,1208.4
853,R010415,prop,RCD-CC-27,3171.5,30304.3,1206.7
854,R010416,prop,RCD-CC-27,3172.4,30304.9,1205.1
855,R010417,prop,RCD-CC-27,3173.4,30305.4,1203.4
856,R010418,prop,RCD-CC-27,3174.4,30306.0,1201.8
857,R010419,prop,RCD-CC-27,3175.4,30306.6,1200.2
858,R010420,prop,RCD-CC-27,3176.4,30307.2,1198.5
859,R010421,prop,RCD-CC-27,3177.4,30307.7,1196.9
860,R010422,silf,RCD-CC-27,3178.4,30308.3,1195.2
861,R010423,silf,RCD-CC-27,3179.4,30308.9,1193.6
862,R010424,silf,RCD-CC-27,3180.4,30309.5,1192.0
863,R010425,aa1,RCD-CC-27,3181.4,30310.0,1190.3
864,R010426,aa1,RCD-CC-27,3182.4,30310.6,1188.7
865,R010427,aa1,RCD-CC-27,3183.4,30311.2,1187.1
866,R010428,aa1,RCD-CC-27,3184.4,30311.8,1185.4
867,R010429,aa1,RCD-CC-27,3185.4,30312.3,1183.8
868,R010430,aa1,RCD-CC-27,3186.4,30312.9,1182.1
869,R010431,aa1,RCD-CC-27,3187.3,30313.5,1180.5
870,R010432,aa1,RCD-CC-27,3188.3,30314.1,1178.9
871,R010433,aa1,RCD-CC-27,3189.3,30314.6,1177.2
872,R010434,aa1,RCD-CC-27,3190.3,30315.2,1175.6
873,R010435,aa1,RCD-CC-27,3191.3,30315.8,1173.9
874,R010436,aa1,RCD-CC-27,3192.3,30316.3,1172.3
875,R010437,aa1,RCD-CC-27,3193.3,30316.9,1170.7
876,R010438,aa1,RCD-CC-27,3194.3,30317.5,1169.0
877,R010439,aa1,RCD-CC-27,3195.3,30318.1,1167.4
878,R010440,silf,RCD-CC-27,3196.3,30318.6,1165.8
879,R010441,silf,RCD-CC-27,3197.3,30319.2,1164.1
880,R010442,aa1,RCD-CC-27,3198.3,30319.8,1162.5
881,R010443,aa1,RCD-CC-27,3199.3,30320.4,1160.8
882,R010444,aa1,RCD-CC-27,3200.3,30320.9,1159.2
883,R010445,aa1,RCD-CC-27,3201.3,30321.5,1157.6
884,R010446,aa1,RCD-CC-27,3202.2,30322.1,1155.9
885,R010447,aa1,RCD-CC-27,3203.2,30322.7,1154.3
886,R010448,silx,RCD-CC-27,3204.2,30323.2,1152.6
887,R010449,silx,RCD-CC-27,3205.2,30323.8,1151.0
888,R010450,silx,RCD-CC-27,3206.2,30324.4,1149.4
889,R010451,silx,RCD-CC-27,3207.2,30325.0,1147.7
890,R010452,aa1,RCD-CC-27,3208.2,30325.5,1146.1
891,R010453,aa1,RCD-CC-27,3209.2,30326.1,1144.5
892,R010454,silx,RCD-CC-27,3211.2,30327.2,1141.2
893,R010455,silx,RCD-CC-27,3212.2,30327.8,1139.5
894,R010456,silx,RCD-CC-27,3213.2,30328.4,1137.9
895,R010457,silx,RCD-CC-27,3214.2,30329.0,1136.3
896,R010458,silx,RCD-CC-27,3215.2,30329.5,1134.6
897,R010459,aa1,RCD-CC-27,3216.2,30330.1,1133.0
898,R010460,aa1,RCD-CC-27,3217.2,30330.7,1131.4
899,R010461,aa1,RCD-CC-27,3218.1,30331.3,1129.7
900,R010462,aa1,RCD-CC-27,3219.1,30331.8,1128.1
901,R010463,aa1,RCD-CC-27,3220.1,30332.4,1126.4
902,R010464,aa1,RCD-CC-27,3221.1,30333.0,1124.8
903,R010465,aa1,RCD-CC-27,3222.1,30333.6,1123.2
904,R010466,aa1,RCD-CC-27,3223.1,30334.1,1121.5
905,R010467,aa1,RCD-CC-27,3224.1,30334.7,1119.9
906,R010468,aa1,RCD-CC-27,3225.1,30335.3,1118.2
907,R010469,aa1,RCD-CC-27,3226.1,30335.8,1116.6
908,R010470,aa1,RCD-CC-27,3227.1,30336.4,1115.0
909,R010471,aa2,RCD-CC-27,3232.1,30339.3,1106.8
910,R010472,aa2,RCD-CC-27,3233.0,30339.9,1105.1
911,R010473,arg,RCD-CC-27,3234.0,30340.4,1103.5
912,R010474,arg,RCD-CC-27,3235.0,30341.0,1101.9
913,R010475,arg,RCD-CC-27,3236.0,30341.6,1100.2
914,R010476,aa2,RCD-CC-27,3237.0,30342.2,1098.6
915,R010477,silx,RCD-CC-27,3238.0,30342.7,1096.9
916,R010478,aa2,RCD-CC-27,3239.0,30343.3,1095.3
917,R010479,aa2,RCD-CC-27,3239.8,30343.7,1094.1
918,R010480,x,RCD-CC-28,3291.5,30373.7,1227.2
919,R010481,x,RCD-CC-28,3290.5,30373.1,1225.5
920,R010482,x,RCD-CC-28,3289.5,30372.6,1223.9
921,R010483,aa1,RCD-CC-28,3288.5,30372.0,1222.3
922,R010484,aa1,RCD-CC-28,3287.5,30371.4,1220.6
923,R010485,silf,RCD-CC-28,3286.5,30370.8,1219.0
924,R010486,silf,RCD-CC-28,3285.5,30370.3,1217.4
925,R010487,aa1,RCD-CC-28,3284.5,30369.7,1215.7
926,R010488,aa1,RCD-CC-28,3283.6,30369.1,1214.1
927,R010489,aa1,RCD-CC-28,3282.6,30368.6,1212.4
928,R010490,aa1,RCD-CC-28,3281.6,30368.0,1210.8
929,R010491,aa1,RCD-CC-28,3280.6,30367.4,1209.2
930,R010492,aa1,RCD-CC-28,3279.6,30366.8,1207.5
931,R010493,aa1,RCD-CC-28,3278.6,30366.3,1205.9
932,R010494,aa1,RCD-CC-28,3277.6,30365.7,1204.2
933,R010495,aa1,RCD-CC-28,3276.6,30365.1,1202.6
934,R010496,aa1,RCD-CC-28,3275.6,30364.5,1201.0
935,R010497,aa1,RCD-CC-28,3274.6,30364.0,1199.3
936,R010498,aa1,RCD-CC-28,3273.6,30363.4,1197.7
937,R010499,aa1,RCD-CC-28,3272.6,30362.8,1196.1
938,R010500,aa1,RCD-CC-28,3271.6,30362.2,1194.4
939,R010601,aa1,RCD-CC-28,3270.6,30361.7,1192.8
940,R010602,aa1,RCD-CC-28,3269.6,30361.1,1191.1
941,R010603,aa1,RCD-CC-28,3268.7,30360.5,1189.5
942,R010604,aa1,RCD-CC-28,3267.7,30359.9,1187.9
943,R010605,aa1,RCD-CC-28,3266.7,30359.4,1186.2
944,R010606,aa1,RCD-CC-28,3265.7,30358.8,1184.6
945,R010607,aa1,RCD-CC-28,3264.7,30358.2,1182.9
946,R010608,aa1,RCD-CC-28,3263.7,30357.7,1181.3
947,R010609,aa1,RCD-CC-28,3262.7,30357.1,1179.7
948,R010610,aa1,RCD-CC-28,3261.7,30356.5,1178.0
949,R010611,aa1,RCD-CC-28,3260.7,30355.9,1176.4
950,R010612,aa1,RCD-CC-28,3259.7,30355.4,1174.8
951,R010613,aa1,RCD-CC-28,3258.7,30354.8,1173.1
952,R010614,aa1,RCD-CC-28,3257.7,30354.2,1171.5
953,R010615,aa1,RCD-CC-28,3256.7,30353.6,1169.8
954,R010616,silf,RCD-CC-28,3255.7,30353.1,1168.2
955,R010617,silf,RCD-CC-28,3254.7,30352.5,1166.6
956,R010618,silf,RCD-CC-28,3253.8,30351.9,1164.9
957,R010619,aa1,RCD-CC-28,3252.8,30351.3,1163.3
958,R010620,aa1,RCD-CC-28,3251.8,30350.8,1161.6
959,R010621,aa1,RCD-CC-28,3250.8,30350.2,1160.0
960,R010622,aa1,RCD-CC-28,3249.8,30349.6,1158.4
961,R010623,aa1,RCD-CC-28,3248.8,30349.0,1156.7
962,R010624,aa2,RCD-CC-28,3247.8,30348.5,1155.1
963,R010625,aa2,RCD-CC-28,3246.8,30347.9,1153.5
964,R010626,aa1,RCD-CC-28,3245.8,30347.3,1151.8
965,R010627,aa1,RCD-CC-28,3244.8,30346.8,1150.2
966,R010628,aa1,RCD-CC-28,3243.8,30346.2,1148.5
967,R010629,aa1,RCD-CC-28,3242.8,30345.6,1146.9
968,R010630,aa1,RCD-CC-28,3241.8,30345.0,1145.3
969,R010631,silf,RCD-CC-28,3238.8,30343.3,1140.4
970,R010632,silf,RCD-CC-28,3237.9,30342.7,1138.7
971,R010633,silf,RCD-CC-28,3236.9,30342.2,1137.1
972,R010634,silf,RCD-CC-28,3234.9,30341.0,1133.8
973,R010635,silf,RCD-CC-28,3233.9,30340.4,1132.2
974,R010636,silf,RCD-CC-28,3232.9,30339.9,1130.5
975,R010637,aa1,RCD-CC-28,3231.9,30339.3,1128.9
976,R010638,aa1,RCD-CC-28,3230.9,30338.7,1127.2
977,R010639,aa1,RCD-CC-28,3229.9,30338.2,1125.6
978,R010640,aa1,RCD-CC-28,3228.9,30337.6,1124.0
979,R010641,aa1,RCD-CC-28,3227.9,30337.0,1122.3
980,R010642,aa1,RCD-CC-28,3226.9,30336.4,1120.7
981,R010643,aa1,RCD-CC-28,3225.9,30335.9,1119.1
982,R010644,aa1,RCD-CC-28,3224.9,30335.3,1117.4
983,R010645,aa1,RCD-CC-28,3223.9,30334.7,1115.8
984,R010646,aa1,RCD-CC-28,3223.0,30334.1,1114.1
985,R010647,aa1,RCD-CC-28,3222.0,30333.6,1112.5
986,R010648,silx,RCD-CC-28,3221.0,30333.0,1110.9
987,R010649,silx,RCD-CC-28,3220.0,30332.4,1109.2
988,R010650,prop,RCD-CC-28,3219.0,30331.8,1107.6
989,R010759,x,RCD-CC-29,3148.5,30140.7,1193.2
990,R010760,x,RCD-CC-29,3147.5,30140.1,1191.5
991,R010761,aa1,RCD-CC-29,3146.5,30139.6,1189.9
992,R010762,aa1,RCD-CC-29,3145.5,30139.0,1188.3
993,R010763,silx,RCD-CC-29,3144.5,30138.4,1186.6
994,R010764,silx,RCD-CC-29,3143.5,30137.8,1185.0
995,R010765,silx,RCD-CC-29,3142.5,30137.3,1183.4
996,R010766,silx,RCD-CC-29,3141.5,30136.7,1181.7
997,R010767,aa1,RCD-CC-29,3140.6,30136.1,1180.1
998,R010768,aa1,RCD-CC-29,3139.6,30135.6,1178.4
999,R010769,silx,RCD-CC-29,3138.6,30135.0,1176.8
1000,R010770,silx,RCD-CC-29,3137.6,30134.4,1175.2
1001,R010771,silf,RCD-CC-29,3136.6,30133.8,1173.5
1002,R010772,silf,RCD-CC-29,3135.6,30133.3,1171.9
1003,R010773,silf,RCD-CC-29,3134.6,30132.7,1170.2
1004,R010774,silf,RCD-CC-29,3133.6,30132.1,1168.6
1005,R010775,silf,RCD-CC-29,3132.6,30131.5,1167.0
1006,R010776,silf,RCD-CC-29,3131.6,30131.0,1165.3
1007,R010777,silf,RCD-CC-29,3130.6,30130.4,1163.7
1008,R010778,silf,RCD-CC-29,3129.6,30129.8,1162.1
1009,R010779,silf,RCD-CC-29,3128.6,30129.2,1160.4
1010,R010780,silf,RCD-CC-29,3127.6,30128.7,1158.8
1011,R010781,silf,RCD-CC-29,3126.6,30128.1,1157.1
1012,R010782,silf,RCD-CC-29,3125.7,30127.5,1155.5
1013,R010783,silf,RCD-CC-29,3124.7,30126.9,1153.9
1014,R010784,silf,RCD-CC-29,3123.7,30126.4,1152.2
1015,R010785,silf,RCD-CC-29,3122.7,30125.8,1150.6
1016,R010786,silf,RCD-CC-29,3121.7,30125.2,1148.9
1017,R010787,silf,RCD-CC-29,3120.7,30124.7,1147.3
1018,R010788,silf,RCD-CC-29,3119.7,30124.1,1145.7
1019,R010789,silf,RCD-CC-29,3118.7,30123.5,1144.0
1020,R010790,silf,RCD-CC-29,3117.7,30122.9,1142.4
1021,R010791,silf,RCD-CC-29,3116.7,30122.4,1140.8
1022,R010792,silf,RCD-CC-29,3115.7,30121.8,1139.1
1023,R010793,silx,RCD-CC-29,3114.7,30121.2,1137.5
1024,R010794,silx,RCD-CC-29,3113.7,30120.6,1135.8
1025,R010795,silx,RCD-CC-29,3112.7,30120.1,1134.2
1026,R010796,silx,RCD-CC-29,3111.7,30119.5,1132.6
1027,R010797,silx,RCD-CC-29,3110.8,30118.9,1130.9
1028,R010798,silx,RCD-CC-29,3109.8,30118.3,1129.3
1029,R010799,silf,RCD-CC-29,3108.8,30117.8,1127.6
1030,R010800,silf,RCD-CC-29,3107.8,30117.2,1126.0
1031,R010801,silf,RCD-CC-29,3106.8,30116.6,1124.4
1032,R010802,silf,RCD-CC-29,3105.8,30116.0,1122.7
1033,R010803,silf,RCD-CC-29,3104.8,30115.5,1121.1
1034,R010804,silf,RCD-CC-29,3103.8,30114.9,1119.5
