54.0,984,121,499,15,0.03,18,0.59,0.030,0.010,70,0.010,176,363,8,10
110.9,469,94,642,14,0.01,14,0.90,0.005,0.005,103,0.005,47,82,4,24
63.4,1104,208,440,20,0.01,21,1.40,0.030,0.005,205,0.005,425,352,5,8
25.7,561,133,104,7,0.02,13,1.34,0.010,0.005,68,0.005,150,646,5,3
46.6,723,217,161,12,0.02,17,1.85,0.030,0.005,95,0.005,374,181,5,5
19.0,371,181,42,12,0.02,25,2.87,0.010,0.005,175,0.005,85,108,6,3
31.4,296,625,49,14,0.02,21,1.30,0.010,0.005,119,0.005,51,173,9,3
19.0,131,541,24,16,0.01,12,0.85,0.005,0.005,163,0.005,8,171,13,3
20.6,106,437,21,15,0.02,11,0.64,0.005,0.005,154,0.005,12,155,19,3
25.7,236,711,23,21,0.02,15,0.93,0.010,0.005,195,0.005,94,226,17,8
28.6,522,855,55,10,0.01,12,0.95,0.010,0.005,85,0.005,105,190,12,3
53.1,1531,1083,182,23,0.01,17,1.55,0.010,0.005,121,0.005,301,402,8,5
46.3,1706,783,119,10,0.01,19,1.63,0.010,0.005,129,0.005,87,185,7,6
32.1,808,412,108,8,0.01,19,1.61,0.020,0.005,164,0.005,53,113,4,3
34.7,2208,742,29,15,0.01,21,2.39,0.010,0.005,167,0.005,224,214,5,5
40.7,2394,1102,107,32,0.01,20,3.62,0.030,0.005,120,0.005,861,939,4,3
37.4,1122,588,58,35,0.01,19,1.36,0.010,0.005,177,0.005,72,217,4,6
39.4,985,1036,106,31,0.01,18,1.13,0.040,0.005,91,0.005,351,392,5,7
32.3,1939,751,148,47,0.01,13,0.97,0.030,0.005,75,0.005,602,391,4,6
19.3,315,590,100,30,0.01,23,0.42,0.005,0.005,145,0.005,23,150,5,5
20.7,146,676,1885,14,0.01,13,0.29,0.005,0.005,164,0.005,19,112,5,3
16.5,260,1003,2189,33,0.01,16,0.49,0.005,0.005,199,0.005,35,359,6,3
17.5,223,655,1728,18,0.02,11,0.46,0.010,0.005,150,0.005,77,222,9,6
21.0,448,1338,192,47,0.02,14,0.31,0.005,0.005,152,0.005,39,191,10,6
17.8,199,1092,44,25,0.01,13,0.39,0.005,0.005,165,0.005,14,165,8,3
16.2,134,603,61,17,0.02,11,0.35,0.010,0.005,210,0.005,45,66,10,7
14.3,149,482,54,29,0.02,21,0.95,0.010,0.005,202,0.005,14,153,12,7
15.5,169,550,40,20,0.01,8,0.30,0.005,0.005,125,0.005,27,108,6,3
16.7,107,731,55,33,0.02,20,0.73,0.010,0.005,151,0.005,67,124,9,3
21.7,463,657,80,20,0.01,9,0.47,0.030,0.005,135,0.005,101,216,7,6
12.0,144,464,45,16,0.01,19,0.86,0.010,0.005,251,0.005,13,85,8,3
16.5,195,621,45,36,0.01,10,0.29,0.005,0.005,118,0.005,14,164,5,3
29.6,1348,579,160,36,0.01,17,0.84,0.040,0.005,250,0.010,105,157,6,18
20.4,1735,644,64,30,0.02,16,0.85,0.040,0.005,220,0.010,189,294,8,24
13.6,165,670,27,23,0.01,14,0.63,0.020,0.005,171,0.005,50,90,5,11
12.9,346,612,53,17,0.02,22,1.34,0.020,0.005,274,0.005,39,101,8,15
19.5,665,486,146,44,0.01,11,0.66,0.030,0.005,154,0.005,141,229,6,22
14.4,256,432,47,26,0.01,14,0.86,0.005,0.005,114,0.005,60,121,7,8
12.5,325,355,157,24,0.01,11,0.76,0.005,0.005,128,0.005,57,103,5,14
32.9,250,390,160,9,0.02,26,0.98,0.010,0.005,161,0.005,46,55,8,12
14.2,399,193,104,3,0.03,366,1.32,0.020,0.005,136,0.020,134,50,15,71
18.9,691,347,85,21,0.05,54,1.13,0.030,0.005,121,0.020,38,112,8,10
15.2,178,105,454,3,0.01,92,1.35,0.005,0.005,107,0.005,30,59,7,8
23.8,351,172,2050,3,0.01,24,1.19,0.010,0.005,175,0.005,22,96,9,3
66.5,810,1172,1547,29,0.02,40,3.50,0.020,0.020,166,0.005,362,279,10,12
63.0,411,567,729,13,0.02,74,1.52,0.005,0.010,214,0.005,128,215,11,9
23.2,380,618,485,3,0.02,92,1.87,0.010,0.010,93,0.005,32,108,11,6
18.7,340,693,1091,3,0.01,66,1.19,0.005,0.005,107,0.005,34,61,7,3
24.5,124,980,3252,3,0.01,25,0.96,0.005,0.005,135,0.005,25,50,7,8
15.0,172,542,159,3,0.04,25,0.96,0.010,0.005,111,0.010,29,56,8,8
28.1,393,737,486,3,0.01,42,1.58,0.030,0.005,116,0.005,88,70,10,3
11.8,225,360,326,3,0.02,26,0.99,0.005,0.005,96,0.010,16,46,9,3
10.3,268,441,1213,5,0.01,23,1.06,0.005,0.005,131,0.005,22,67,10,6
14.5,319,263,1995,3,0.01,15,0.82,0.005,0.005,105,0.005,17,69,8,3
18.3,464,282,4124,3,0.01,19,1.10,0.020,0.005,107,0.005,77,84,8,3
35.5,978,308,1101,8,0.01,20,0.80,0.005,0.005,253,0.005,18,123,7,3
28.7,498,339,1750,7,0.01,21,1.15,0.010,0.005,144,0.005,45,67,7,3
37.9,1467,246,214,10,0.02,21,1.17,0.040,0.005,93,0.005,36,133,9,3
18.6,612,390,735,3,0.01,29,0.93,0.005,0.005,93,0.005,20,67,11,3
14.6,511,606,1953,3,0.02,42,2.24,0.005,0.005,71,0.005,28,77,9,7
31.4,553,754,2596,13,0.02,110,4.82,0.010,0.005,137,0.005,42,112,9,22
58.6,497,1288,1724,15,0.01,123,4.11,0.005,0.005,176,0.005,44,111,9,3
59.3,1417,911,754,10,0.01,378,2.76,0.020,0.005,92,0.005,98,116,7,3
70.5,297,1360,3334,9,0.01,41,1.56,0.005,0.005,82,0.005,34,89,7,3
12.7,980,626,1891,3,0.04,120,4.63,0.120,0.010,88,0.020,88,138,14,3
14.4,17300,516,582,17,0.06,194,8.26,0.750,0.005,46,0.140,549,280,40,6
24.2,985,559,303,28,0.03,212,7.74,0.770,0.005,77,0.110,400,202,36,7
14.3,340,46,356,20,0.06,56,2.51,1.690,0.005,33,0.320,450,105,49,3
7.2,332,87,312,23,0.16,99,3.11,1.410,0.010,19,0.710,536,66,28,5
5.0,243,39,665,8,0.05,70,1.65,1.470,0.005,24,0.520,431,76,27,5
5.5,636,38,492,13,0.17,116,2.64,0.700,0.005,17,0.580,207,72,45,3
5.6,300,36,403,8,0.11,135,2.44,1.340,0.005,26,0.820,137,30,39,3
4.3,195,16,206,15,0.02,1481,2.12,1.510,0.005,17,0.810,217,43,43,6
4.7,258,10,277,13,0.15,785,4.95,1.100,0.005,65,0.710,185,63,57,3
6.6,448,10,294,41,0.20,1552,5.22,1.040,0.010,27,0.860,262,44,64,3
1.9,212,16,453,22,0.14,753,5.22,1.250,0.005,43,0.740,402,127,87,12
1.3,195,13,401,18,0.10,520,5.67,1.480,0.005,26,0.590,252,110,65,13
1.6,313,16,257,31,0.13,660,5.78,1.110,0.005,16,0.780,347,100,60,9
4.7,1058,13,151,90,0.17,3020,5.60,1.260,0.005,29,0.890,839,189,62,3
29.0,464,1095,501,59,0.04,16,0.55,1.510,0.005,44,0.230,1204,275,36,3
93.8,586,2309,321,51,0.01,34,0.64,0.870,0.005,59,0.160,820,318,32,3
102.1,560,2434,43,53,0.01,18,0.58,0.040,0.005,72,0.020,315,371,21,7
70.7,509,1560,38,38,0.02,308,1.53,0.040,0.005,279,0.020,242,375,13,7
120.6,4051,1509,57,87,0.01,72,1.56,0.050,0.005,138,0.020,424,643,8,3
139.2,6232,2723,51,95,0.01,60,1.25,0.060,0.005,95,0.020,432,803,7,3
46.9,339,748,372,22,0.02,28,1.18,0.840,0.005,79,0.120,703,298,24,3
10.8,145,191,379,11,0.01,8,0.76,1.670,0.005,45,0.300,864,117,47,3
16.2,156,627,207,15,0.02,23,1.17,0.480,0.005,92,0.150,329,160,27,3
5.9,122,95,368,18,0.01,7,0.77,1.810,0.005,28,0.540,782,135,78,3
37.0,206,1547,280,79,0.01,60,1.10,0.920,0.005,64,0.270,825,353,59,3
30.9,246,1318,266,39,0.03,56,0.92,1.360,0.005,32,0.290,653,340,77,8
136.4,14700,5844,35,78,0.03,625,2.52,0.040,0.005,99,0.020,132,1043,13,6
69.3,6377,3243,26,114,0.03,826,2.40,0.030,0.005,119,0.020,82,529,10,3
31.3,2910,1705,23,27,0.01,148,1.23,0.020,0.005,125,0.020,59,267,11,6
50.4,3339,2126,35,71,0.02,1204,2.65,0.030,0.005,133,0.030,63,377,12,3
75.9,11400,1587,34,151,0.01,647,1.87,0.030,0.005,151,0.030,149,809,12,3
53.7,10600,1727,43,40,0.02,88,1.44,0.040,0.005,92,0.020,203,841,12,5
34.2,2221,668,37,36,0.01,40,1.25,0.060,0.005,95,0.005,547,645,7,3
31.5,1291,330,20,32,0.02,25,0.76,0.020,0.005,108,0.020,128,348,4,5
41.6,849,917,500,29,0.02,21,0.91,1.000,0.005,47,0.250,1243,331,33,33
13.1,310,210,279,15,0.03,5,0.64,2.150,0.005,10,0.440,959,108,53,3
15.0,176,163,370,10,0.02,8,0.50,0.900,0.005,44,0.220,542,169,38,3
12.6,119,96,484,7,0.04,3,0.58,1.910,0.005,23,0.420,1230,100,76,3
6.6,110,130,558,14,0.08,11,0.73,2.010,0.005,13,0.470,1150,120,64,3
8.3,114,78,411,16,0.02,9,0.64,1.610,0.005,36,0.400,1147,147,52,7
10.8,126,249,472,31,0.01,14,0.50,1.280,0.005,40,0.220,985,229,35,3
21.6,163,336,396,112,0.01,13,0.49,1.080,0.005,37,0.170,1048,550,32,3
15.9,1482,599,365,61,0.01,33,0.68,1.410,0.005,22,0.290,1220,302,46,3
9.6,9694,419,236,35,0.13,55,1.53,2.620,0.005,10,0.380,1340,497,104,3
8.3,5186,139,331,24,0.13,54,1.30,2.220,0.005,10,0.450,1160,289,109,5
6.1,1501,91,398,12,0.02,45,0.56,2.160,0.005,20,0.610,867,210,86,9
5.5,219,66,527,10,0.01,26,0.73,2.000,0.005,17,0.530,658,80,85,3
4.5,146,45,246,12,0.01,17,0.99,1.970,0.005,13,0.380,630,66,82,6
2.5,248,33,430,7,0.01,91,2.98,2.060,0.005,9,0.440,601,75,126,3
6.2,207,56,299,16,0.02,74,1.65,2.470,0.005,9,0.400,884,202,132,3
4.8,169,35,36,7,0.01,82,3.45,1.900,0.005,15,0.340,346,133,97,5
10.5,387,56,240,28,0.03,178,6.89,1.380,0.005,20,0.300,436,255,111,5
27.2,125,561,266,65,0.02,69,0.78,1.950,0.005,18,0.730,964,392,52,10
25.4,195,211,263,59,0.01,76,1.46,2.160,0.005,11,0.570,910,172,76,9
33.5,67,296,248,82,0.01,24,0.48,2.020,0.005,12,0.620,1214,220,48,3
37.8,115,77,270,42,0.01,119,2.26,1.930,0.005,10,0.700,1374,203,56,3
15.3,238,159,229,70,0.01,28,1.35,1.610,0.005,21,0.540,1312,293,35,3
19.7,463,661,214,146,0.01,61,3.88,1.390,0.005,9,0.600,1602,648,41,3
24.1,114,219,386,132,0.05,23,0.93,1.630,0.005,32,0.570,1210,790,81,3
25.3,487,141,260,98,0.09,57,2.71,1.950,0.005,17,0.410,1386,470,116,3
31.5,4609,461,238,41,0.08,55,2.36,2.010,0.005,38,0.420,1884,395,92,3
70.0,4387,1345,554,48,0.02,91,6.02,0.670,0.005,71,0.070,1428,552,33,6
1.9,2959,23,311,8,0.08,29,2.84,2.030,0.005,15,0.690,1340,788,86,12
4.1,710,18,552,11,0.03,17,0.81,2.690,0.005,8,0.560,451,108,105,20
1.4,1046,13,301,5,0.03,31,2.29,1.320,0.010,29,0.230,339,176,92,10
0.2,1588,13,319,3,0.07,48,4.53,1.360,0.310,145,0.030,261,132,114,13
0.2,623,18,1646,3,0.06,30,3.58,2.700,0.370,100,0.130,266,19,106,10
0.2,439,13,1040,3,0.05,43,3.53,2.250,0.290,85,0.210,163,14,102,131
0.2,298,13,420,3,0.10,55,3.72,2.730,0.440,1113,0.320,28,3,90,179
0.2,373,12,270,3,0.11,36,3.55,3.050,0.370,335,0.510,91,6,92,243
0.2,184,10,248,3,0.53,40,3.85,2.670,0.750,1008,1.440,9,3,90,158
0.2,240,13,276,3,0.93,44,4.02,2.600,0.830,2297,1.580,8,3,94,124
0.2,94,10,347,3,1.02,32,3.87,2.610,0.910,1900,1.790,3,3,92,124
0.2,242,10,231,3,0.49,37,3.82,2.880,0.690,1247,0.860,3,3,96,163
0.2,123,10,542,3,1.08,41,5.44,3.190,0.950,3502,1.360,7,3,96,224
0.2,165,11,606,3,0.77,38,5.18,2.980,1.020,4231,1.180,6,6,97,212
0.2,82,15,730,3,0.86,46,4.43,2.970,1.060,2663,1.070,14,3,97,179
0.2,191,15,175,3,0.15,21,1.97,0.570,0.110,533,0.150,120,59,136,32
0.2,227,15,64,3,0.08,13,1.58,0.090,0.020,97,0.050,123,67,149,35
1.3,317,11,47,3,0.01,9,3.08,0.120,0.005,26,0.030,674,69,120,12
0.2,541,12,195,3,0.19,42,5.07,2.060,0.800,346,0.080,105,38,97,267
0.2,740,10,233,3,0.54,34,4.77,2.350,0.700,1063,0.100,22,25,85,199
0.2,469,23,346,3,1.81,36,5.01,2.310,1.180,1736,0.550,9,19,112,110
45.5,188,140,4490,33,0.01,26,1.44,0.010,0.020,158,0.005,530,360,17,9
66.3,214,162,3185,50,0.01,21,0.88,0.020,0.005,95,0.005,935,374,18,10
37.9,165,136,1100,25,0.01,18,1.08,0.005,0.005,152,0.005,405,303,13,3
45.9,159,215,1911,15,0.02,13,0.69,0.005,0.005,106,0.005,233,235,26,14
31.5,127,245,1406,16,0.01,11,0.53,0.005,0.005,83,0.005,248,121,10,3
23.7,162,242,406,20,0.01,17,0.64,0.005,0.005,113,0.005,201,235,10,5
41.2,264,141,6738,29,0.01,15,0.58,0.005,0.005,128,0.005,759,183,3,3
53.2,509,198,876,32,0.02,27,0.80,0.010,0.005,126,0.005,978,366,6,3
19.8,153,126,879,9,0.02,14,0.50,0.005,0.005,97,0.005,196,178,9,3
43.3,260,276,2251,30,0.03,42,0.58,0.010,0.005,85,0.005,452,240,10,3
82.2,244,568,2360,41,0.01,24,1.08,0.005,0.005,119,0.005,1265,335,11,3
64.0,155,699,1224,25,0.01,18,0.62,0.005,0.005,90,0.005,625,173,11,10
61.2,220,739,1503,36,0.01,18,0.68,0.005,0.005,113,0.005,704,264,11,6
72.0,303,481,3269,33,0.01,30,1.29,0.005,0.005,89,0.005,769,430,15,3
108.4,339,501,1227,48,0.01,42,1.72,0.005,0.005,69,0.005,1390,297,8,6
98.0,571,420,1010,255,0.01,92,2.28,0.010,0.005,107,0.005,2258,900,7,3
46.2,338,329,2285,28,0.01,109,1.17,0.005,0.005,136,0.005,908,341,8,3
75.0,299,993,3067,42,0.01,127,1.06,0.030,0.005,165,0.005,603,363,13,3
43.5,206,188,313,17,0.01,53,0.64,0.005,0.005,115,0.005,167,159,7,3
70.7,385,697,6223,56,0.02,32,1.34,0.010,0.005,148,0.005,1155,330,8,3
77.6,604,903,5452,62,0.01,44,1.91,0.010,0.005,73,0.005,881,542,19,6
124.2,446,508,2493,30,0.01,90,2.25,0.010,0.005,165,0.005,463,471,24,3
57.9,930,876,165,129,0.01,52,5.71,0.005,0.005,98,0.005,1386,592,39,3
128.6,1019,460,81,88,0.01,83,9.86,0.020,0.005,77,0.005,1455,460,54,3
58.7,1104,27,224,46,0.01,34,6.49,2.010,0.005,24,0.170,2974,217,108,3
55.4,2500,17,218,14,0.01,12,2.65,1.820,0.005,64,0.220,3350,333,73,3
14.5,4236,17,1281,46,0.06,29,4.66,0.830,0.060,92,0.020,2165,513,45,26
0.8,263,14,333,3,0.16,237,3.38,3.450,0.430,590,0.480,304,20,97,295
0.2,91,15,644,3,2.32,29,3.81,2.510,0.940,2081,2.120,19,3,92,138
23.9,816,301,1620,1606,0.05,35,2.44,0.160,0.005,68,0.010,1770,7486,16,10
6.6,246,28,254,6,0.18,12,1.39,1.560,0.005,36,0.700,1377,250,100,3
40.6,315,64,1172,35,0.06,21,2.41,0.170,0.005,76,0.050,467,357,20,3
21.5,201,18,2660,3,0.01,17,1.73,0.040,0.005,66,0.005,368,332,14,3
20.5,521,23,258,13,0.13,17,2.43,1.090,0.010,34,0.090,2181,505,69,3
19.5,332,25,229,10,0.01,13,1.81,2.300,0.005,14,0.130,1955,249,116,5
15.6,255,31,278,11,0.02,7,1.08,3.110,0.005,14,0.170,1891,253,159,3
14.7,296,49,218,3,0.01,9,1.56,2.370,0.005,20,0.120,2330,231,93,3
22.5,448,30,132,13,0.01,11,2.32,2.240,0.005,29,0.140,2139,309,100,7
19.8,185,13,149,3,0.05,10,2.24,2.420,0.010,30,0.180,1725,140,121,10
12.3,125,12,128,3,0.03,8,1.89,3.170,0.005,15,0.160,1717,147,147,7
22.6,177,28,188,3,0.01,9,1.04,2.070,0.005,28,0.160,1641,205,77,3
71.0,295,70,417,35,0.02,16,1.98,0.490,0.005,63,0.040,800,598,24,3
96.9,813,97,3158,36,0.01,23,2.93,0.040,0.005,57,0.005,1503,580,11,3
55.3,611,73,480,15,0.05,21,2.08,0.440,0.005,120,0.020,1316,423,26,3
66.0,1192,71,4343,23,0.05,19,3.10,0.040,0.005,87,0.005,2056,454,10,3
54.5,736,67,5810,14,0.01,21,2.45,0.010,0.005,105,0.005,995,540,11,3
35.6,262,49,3501,25,0.01,22,1.21,0.005,0.005,115,0.005,408,311,5,3
28.3,381,49,3959,23,0.05,43,1.11,0.010,0.005,109,0.005,860,258,5,3
20.8,350,50,5291,16,0.04,15,0.72,0.005,0.005,79,0.010,377,212,5,3
31.0,213,52,3847,14,0.06,20,0.96,0.005,0.005,117,0.005,126,197,11,3
48.9,275,47,3058,20,0.01,28,1.54,0.005,0.005,92,0.005,778,293,7,3
40.7,803,26,4157,16,0.01,14,0.80,0.005,0.005,100,0.005,120,204,8,5
26.2,1694,13,134,36,0.03,20,4.21,1.900,0.005,74,0.120,3976,727,131,8
29.3,908,11,165,59,0.03,7,1.78,4.210,0.005,10,0.190,4543,665,243,11
21.2,665,8,228,60,0.07,11,1.54,4.110,0.005,9,0.210,3915,601,244,13
33.6,776,15,235,40,0.03,6,1.27,3.230,0.005,15,0.160,3505,487,135,12
148.4,281,11,259,19,0.01,10,1.41,2.270,0.005,24,0.130,978,339,67,3
61.9,226,15,195,12,0.02,9,1.05,2.280,0.005,22,0.380,3738,346,86,3
52.3,252,16,293,16,0.07,9,1.09,1.730,0.010,37,0.410,1435,263,55,3
64.4,257,13,382,19,0.08,16,1.45,0.440,0.010,54,0.150,747,389,17,7
34.8,551,62,660,30,0.09,47,5.23,0.880,0.050,53,0.130,1551,266,52,8
5.0,522,8,706,3,0.08,62,6.42,2.430,0.640,139,0.030,1526,89,97,55
5.0,499,10,2813,3,0.05,40,3.88,4.000,0.640,210,0.140,571,47,117,16
1.9,167,8,1051,3,0.05,63,4.77,3.910,0.600,272,0.360,142,16,117,175
0.2,81,8,1053,3,0.58,91,4.77,3.360,0.830,2997,1.320,10,13,115,332
0.2,612,7,256,3,0.06,300,3.54,3.880,0.470,150,0.330,156,30,105,255
4.2,735,7,276,18,0.03,136,4.32,2.240,0.230,35,0.030,438,115,68,135
7.0,531,8,605,24,0.07,76,4.54,0.530,0.020,40,0.030,319,466,51,27
33.3,416,7,1272,108,0.04,30,2.11,0.230,0.010,30,0.010,613,485,96,15
9.9,526,10,214,25,0.02,143,4.95,0.610,0.005,26,0.040,542,357,125,16
29.5,1068,13,381,47,0.03,56,4.91,1.100,0.005,16,0.050,2140,290,102,22
27.2,1430,8,764,34,0.06,67,6.05,0.820,0.070,38,0.030,2138,574,129,53
2.8,733,5,1416,3,0.04,74,5.88,2.990,0.500,179,0.030,798,85,149,83
34.9,1273,23,532,18,0.02,9,0.94,1.340,0.005,39,0.420,1665,694,86,8
105.8,1551,17,5786,52,0.02,15,1.66,0.020,0.005,165,0.010,210,801,18,5
57.8,1578,16,1558,16,0.01,12,1.61,0.030,0.005,94,0.005,106,336,15,7
85.5,657,18,2123,18,0.01,32,2.37,0.005,0.005,274,0.020,77,311,17,11
81.4,268,20,1873,8,0.02,11,0.72,0.005,0.005,108,0.010,51,297,14,6
58.6,279,14,1510,76,0.01,18,1.28,0.005,0.005,199,0.005,137,1198,15,3
72.2,1722,15,3184,216,0.01,19,1.27,0.030,0.005,106,0.060,3242,3975,19,6
69.2,617,18,2134,21,0.02,18,1.64,0.005,0.005,122,0.060,289,716,20,10
115.6,795,16,3116,23,0.01,22,1.93,0.005,0.005,118,0.060,216,741,14,9
364.2,1750,19,6239,2647,0.03,129,4.10,0.005,0.005,100,0.010,4262,30400,7,14
789.1,3112,15,5453,4598,0.06,92,3.71,0.005,0.005,43,0.005,5459,28900,8,11
668.0,5206,152,1570,4376,0.13,34,4.05,0.100,0.005,24,0.060,7272,46800,16,3
342.5,7265,17,244,4872,0.12,20,6.40,1.900,0.005,11,0.110,19600,68400,122,5
244.3,3633,22,351,1826,0.18,55,3.34,1.970,0.005,17,0.005,21800,32600,229,3
249.6,6407,25,280,1529,0.06,23,4.84,2.720,0.005,10,0.090,23400,35500,252,6
269.6,4270,17,281,968,0.05,19,3.74,3.980,0.005,9,0.050,15700,31200,264,16
267.5,4581,21,214,2079,0.03,23,4.05,2.870,0.005,7,0.040,17800,33200,154,7
86.5,2727,17,284,323,0.14,27,2.43,2.610,0.005,16,0.070,11400,10200,188,14
51.3,1847,13,316,32,0.01,12,1.60,3.050,0.005,8,0.100,7466,2230,172,10
39.0,2640,11,260,23,0.01,14,2.44,2.790,0.005,10,0.110,8387,1060,166,13
56.9,2268,27,500,84,0.01,8,2.05,3.450,0.005,8,0.090,5360,4919,173,17
58.7,13500,18,234,28,0.02,20,3.35,2.720,0.005,13,0.010,6493,4289,163,28
98.4,7465,17,233,115,0.02,13,1.87,1.630,0.005,19,0.010,2597,3168,72,11
105.7,2853,16,316,229,0.04,11,2.41,1.750,0.005,22,0.240,2313,1871,100,7
34.5,2485,15,774,68,0.04,9,2.12,1.950,0.005,26,0.290,1447,758,98,8
63.2,21000,15,290,428,0.03,15,3.79,2.480,0.010,19,0.320,3551,1797,108,8
76.6,32500,14,251,193,0.04,44,4.82,1.860,0.005,13,0.220,3615,1055,81,6
101.1,5379,13,548,231,0.09,14,1.82,1.690,0.020,22,0.260,1715,1250,87,6
66.6,2654,15,330,166,0.13,14,1.48,2.050,0.005,18,0.130,2021,1782,118,12
85.3,2100,38,363,144,0.07,11,2.54,2.230,0.010,18,0.220,11000,4128,179,7
193.2,1698,38,2682,261,0.04,6,1.15,0.240,0.005,64,0.040,2624,4489,43,9
165.3,1237,56,3919,113,0.01,15,1.64,0.030,0.005,93,0.070,1037,2416,14,10
150.1,952,54,3788,49,0.09,26,1.53,0.060,0.005,106,0.090,2618,1242,18,9
117.1,1610,71,518,79,0.10,12,1.77,1.300,0.005,55,0.160,4837,1177,104,7
50.3,675,78,857,35,0.04,5,1.17,1.640,0.005,28,0.070,2650,399,90,3
34.6,828,37,577,28,0.06,3,0.92,1.890,0.005,20,0.340,1467,227,86,9
64.4,1213,94,662,85,0.06,3,0.92,1.310,0.005,58,0.240,1906,842,63,8
216.2,5472,101,1259,183,0.11,23,4.71,0.550,0.020,55,0.150,7626,2630,46,9
214.8,4703,101,3686,317,0.05,34,6.01,0.170,0.010,58,0.100,4654,2749,25,12
140.4,2787,44,1766,240,0.03,67,2.41,0.060,0.005,94,0.020,2354,2049,9,66
212.9,26300,76,5616,468,0.03,61,9.32,0.090,0.005,57,0.010,5627,3767,27,8
242.7,30200,78,2793,531,0.01,75,14.23,0.290,0.005,49,0.010,11500,4129,28,12
140.2,19100,92,1269,420,0.01,68,17.20,0.270,0.005,57,0.050,5704,2827,54,3
55.9,1446,36,740,60,0.01,34,3.23,0.040,0.005,107,0.005,666,429,10,3
72.9,2041,40,4236,38,0.01,41,3.97,0.060,0.005,238,0.005,1309,612,15,8
88.8,1259,45,1271,53,0.01,29,2.72,0.050,0.005,150,0.080,647,504,12,6
67.7,963,41,3034,84,0.03,26,2.76,0.070,0.005,99,0.030,954,588,11,3
43.2,996,18,520,201,0.06,20,4.12,1.370,0.010,22,0.570,1032,852,45,11
83.6,4151,42,294,220,0.07,47,9.51,1.200,0.010,53,0.290,3609,967,67,14
69.0,4952,60,2526,95,0.02,68,11.32,0.130,0.020,100,0.020,1827,483,32,15
43.7,6796,78,484,104,0.03,97,16.52,0.410,0.005,39,0.070,2767,485,60,17
81.5,5345,71,985,70,0.01,87,16.75,0.360,0.005,58,0.050,2418,642,106,16
69.6,3791,22,308,181,0.04,12,7.53,2.380,0.030,29,0.350,1991,594,124,9
39.4,2837,21,387,290,0.05,18,10.82,2.840,0.005,13,0.270,3265,1234,190,17
46.2,1230,50,437,378,0.07,14,7.29,1.580,0.020,42,0.270,1786,2169,75,7
32.6,1445,27,709,105,0.01,61,2.45,0.150,0.005,103,0.020,1024,614,11,13
9.7,1465,27,578,61,0.01,88,2.65,0.150,0.005,136,0.005,1092,489,12,18
42.4,4467,34,296,106,0.02,64,4.14,0.290,0.005,106,0.010,3411,1166,21,11
83.6,2855,51,623,137,0.01,39,9.94,0.380,0.005,90,0.030,5416,3332,50,15
151.2,14600,37,488,61,0.02,51,5.65,0.640,0.005,102,0.070,5713,1925,35,12
6.4,3294,12,549,18,0.05,223,30.19,0.050,0.005,37,0.040,900,348,51,26
2.2,1559,10,245,8,0.06,120,18.32,0.820,0.160,54,0.120,108,191,72,26
0.2,359,11,392,3,0.13,70,4.24,2.510,0.420,124,0.550,28,26,83,33
0.2,327,24,596,3,0.66,61,4.15,2.620,0.580,356,1.120,54,30,105,100
0.2,141,13,1079,3,2.39,16,3.76,2.460,1.010,1267,2.070,7,3,103,115
1.7,237,17,508,3,0.36,53,4.71,1.600,0.560,608,0.530,41,17,128,205
1.9,304,17,610,3,0.32,37,3.34,0.890,0.460,332,0.450,52,18,101,124
0.2,661,15,670,3,0.19,43,3.53,0.770,0.240,33,0.340,14,21,139,35
0.2,518,13,586,3,0.27,29,4.67,1.090,0.510,43,0.440,10,22,174,54
0.4,826,14,637,3,0.16,30,5.40,1.230,0.570,290,0.350,11,29,146,63
1.2,1046,10,544,3,0.20,28,5.80,1.720,0.750,324,0.230,12,77,127,54
2.1,622,10,313,3,0.04,41,4.81,0.840,0.460,523,0.100,17,34,148,144
0.3,550,10,461,3,0.03,54,4.51,0.970,0.610,541,0.060,10,30,156,114
0.2,609,26,154,3,0.06,29,5.40,1.020,0.590,1308,0.050,8,30,130,884
0.2,854,23,179,3,0.10,167,5.88,0.530,0.630,1199,0.020,5,26,136,210
3.9,539,56,283,3,0.04,76,4.17,2.200,0.005,32,0.470,1602,187,116,393
28.2,388,175,467,131,0.04,9,1.14,2.760,0.005,12,0.480,3529,994,142,32
6.8,366,142,575,12,0.05,19,2.17,1.710,0.005,39,0.560,1516,220,78,33
4.1,286,233,328,9,0.03,16,2.83,2.430,0.005,42,0.620,1661,169,88,6
43.2,821,715,314,53,0.04,13,3.62,1.900,0.005,22,0.400,2865,683,89,4
21.2,525,278,425,36,0.01,2,1.16,2.850,0.005,14,0.410,1397,495,60,1
60.3,1184,506,270,46,0.04,17,2.43,2.220,0.005,17,0.510,3122,605,48,24
43.1,848,1604,496,66,0.01,9,1.65,1.980,0.005,21,0.360,3212,559,54,20
78.1,3014,2900,1102,68,0.02,20,2.54,0.460,0.005,86,0.230,3651,770,23,3
22.6,478,460,700,91,0.04,10,1.13,2.450,0.005,59,0.400,1252,348,47,2
31.1,319,605,593,43,0.01,6,0.91,0.980,0.005,71,0.310,354,296,23,2
53.3,460,739,1461,57,0.02,23,1.64,0.040,0.005,93,0.210,161,303,13,0
48.0,578,387,716,39,0.01,280,1.98,0.020,0.005,278,0.200,148,139,13,3
128.1,2279,1006,435,90,0.01,276,2.07,0.030,0.005,81,0.220,275,1056,14,0
458.1,6355,6152,1315,496,0.01,99,5.14,0.720,0.005,78,0.110,9537,6769,25,13
105.0,1756,1541,960,69,0.01,22,1.74,0.040,0.005,86,0.005,281,472,14,9
131.3,4013,3140,832,147,0.01,21,2.01,0.040,0.005,79,0.050,347,978,12,0
76.2,404,1373,323,79,0.05,16,0.85,0.030,0.005,94,0.210,381,384,11,7
131.1,1219,1667,814,130,0.01,19,1.73,0.040,0.005,116,0.050,152,246,12,3
126.3,2249,1464,814,109,0.01,18,1.90,0.040,0.005,67,0.050,324,974,16,3
55.1,850,445,239,51,0.03,31,1.46,0.040,0.010,107,0.200,68,188,17,14
104.1,450,390,213,40,0.01,41,1.56,0.020,0.005,121,0.040,59,201,13,9
85.6,558,511,347,30,0.02,48,1.84,0.010,0.005,146,0.050,78,367,10,2
90.7,1265,2060,55,94,0.03,32,3.30,0.010,0.005,164,0.060,260,1405,14,4
59.7,624,1426,36,82,0.02,25,1.91,0.020,0.010,84,0.005,147,841,17,6
74.1,357,1390,141,65,0.01,18,1.02,0.020,0.005,50,0.040,256,344,11,12
90.2,507,2727,132,221,0.01,21,0.74,0.020,0.005,53,0.200,739,2106,13,0
83.6,321,3025,276,52,0.01,18,0.82,0.010,0.005,68,0.180,133,276,11,4
20.1,201,2171,167,36,0.01,6,0.36,0.010,0.005,59,0.220,146,261,11,5
24.9,326,2257,44,158,0.01,13,0.97,0.010,0.005,123,0.200,405,534,13,3
38.4,511,1320,583,88,0.01,26,1.04,0.020,0.005,133,0.210,650,849,14,0
63.6,455,1029,100,61,0.01,22,1.16,0.010,0.005,128,0.230,428,728,17,0
34.3,439,238,26,67,0.02,17,1.30,0.020,0.005,154,0.200,386,1265,9,0
50.7,229,120,32,15,0.01,20,1.18,0.005,0.005,177,0.210,166,342,11,0
81.0,334,207,37,22,0.01,23,1.10,0.005,0.005,120,0.220,813,424,10,1
31.0,124,772,324,24,0.02,15,0.69,0.005,0.005,141,0.230,59,174,9,0
76.8,318,991,88,29,0.01,16,0.84,0.005,0.005,115,0.250,127,265,20,7
84.6,398,2168,26,62,0.01,18,0.94,0.005,0.005,186,0.200,283,490,14,1
120.2,458,3266,43,64,0.01,22,1.36,0.005,0.005,159,0.220,486,550,12,4
63.9,218,3400,36,80,0.02,16,1.12,0.005,0.005,153,0.220,288,766,20,4
183.6,168,2205,33,45,0.01,14,0.79,0.005,0.005,127,0.005,254,453,22,0
115.3,149,1266,485,27,0.01,13,0.93,0.810,0.005,112,0.350,395,480,53,0
14.2,106,259,459,7,0.03,2,0.39,2.500,0.005,17,0.590,539,205,104,0
10.9,145,167,478,3,0.02,4,0.80,2.740,0.005,8,0.570,1376,232,108,6
16.4,223,227,304,40,0.03,6,1.40,2.760,0.005,15,0.430,1407,598,128,2
10.7,131,136,481,22,0.03,8,0.91,2.950,0.005,13,0.370,1039,416,133,2
12.7,224,91,451,25,0.01,10,1.67,2.580,0.005,10,0.510,958,345,157,6
7.0,145,74,587,12,0.01,6,0.73,2.320,0.005,7,0.700,427,185,144,5
9.2,138,243,494,15,0.02,7,0.48,2.160,0.005,9,0.660,489,292,129,1
8.9,153,296,498,3,0.02,7,0.82,2.080,0.005,11,0.600,427,293,123,2
9.5,103,130,405,3,0.02,6,0.51,2.310,0.005,10,0.600,503,181,126,0
10.1,133,162,568,3,0.02,17,1.41,3.330,0.005,7,0.460,478,192,144,0
12.4,389,49,204,23,0.04,81,3.27,2.920,0.005,15,0.450,1217,522,169,2
5.2,1388,30,582,12,0.13,353,18.11,0.640,0.010,30,0.040,1279,440,246,7
5.9,215,98,670,14,0.02,24,1.90,3.030,0.005,40,0.330,910,113,133,6
2.9,174,80,638,3,0.03,9,0.67,3.130,0.005,9,0.260,933,96,121,10
3.4,205,70,655,3,0.02,14,1.09,3.330,0.005,15,0.280,1242,127,128,4
4.1,365,69,566,13,0.02,32,3.67,3.720,0.005,13,0.420,1133,162,136,5
5.3,209,35,578,13,0.02,6,0.90,3.060,0.005,12,0.350,926,340,149,1
2.2,222,24,162,13,0.03,6,1.46,3.670,0.005,21,0.290,1000,285,126,1
2.7,1459,103,881,16,0.04,7,3.09,3.720,0.005,45,0.280,1391,547,150,3
4.8,276,97,322,60,0.06,17,2.96,3.180,0.005,17,0.700,1699,431,163,2
6.5,301,27,311,19,0.09,11,2.25,1.410,0.005,34,0.170,805,505,122,11
0.5,431,20,225,6,0.08,49,5.91,1.960,0.005,15,0.270,771,61,151,4
1.3,295,41,313,204,0.11,95,6.06,0.640,0.005,12,0.360,423,489,153,2
2.2,288,36,170,523,0.05,255,7.01,1.740,0.005,15,0.390,686,1246,145,2
2.2,193,42,320,15,0.02,74,5.88,1.790,0.005,12,0.180,408,102,177,4
0.5,210,45,314,24,0.08,60,4.49,2.060,0.005,27,0.710,703,197,147,7
4.7,499,119,451,20,0.02,245,5.24,2.840,0.005,25,0.350,851,233,143,3
1.3,1040,77,127,9,0.03,75,5.07,2.770,0.005,25,0.300,585,165,143,43
0.9,930,26,535,6,0.08,44,4.27,2.470,0.005,47,0.370,706,186,144,46
2.2,327,32,125,45,0.04,51,6.03,2.020,0.190,126,0.005,283,95,167,58
0.1,189,10,579,3,1.73,28,4.95,2.020,1.360,3080,1.520,33,18,133,373
2.2,240,49,397,3,0.10,34,3.67,1.580,0.190,201,0.140,572,81,149,64
9.5,710,218,286,109,0.13,18,2.45,1.350,0.030,60,0.300,721,309,121,18
53.0,1244,1098,202,457,0.06,273,2.17,0.750,0.005,71,0.150,765,2438,33,12
24.7,5019,491,386,20,0.10,28,2.04,1.580,0.005,38,0.380,966,409,60,12
35.8,1540,1085,293,35,0.04,28,2.72,0.680,0.005,117,0.130,622,464,49,3
101.1,1572,3582,122,82,0.02,28,2.15,0.230,0.005,83,0.020,907,763,10,4
27.5,1388,1195,83,42,0.01,21,2.73,0.220,0.005,74,0.005,594,325,18,9
28.6,1451,858,563,42,0.03,33,2.61,0.830,0.005,205,0.080,847,342,26,6
10.9,685,183,621,3,0.07,6,1.46,2.520,0.005,35,0.590,825,151,74,5
12.5,814,178,789,12,0.11,8,2.09,2.630,0.005,60,0.720,857,272,67,0
10.6,10800,126,290,3,0.09,35,3.59,3.070,0.005,46,0.720,825,540,87,3
5.1,710,107,499,3,0.04,31,1.32,1.430,0.005,46,0.230,304,101,50,5
7.6,918,284,351,10,0.03,128,2.78,1.070,0.005,326,0.150,235,146,39,14
34.2,2116,1162,926,36,0.02,245,3.84,0.350,0.005,208,0.005,1563,697,11,2
23.0,2433,519,733,15,0.02,260,3.21,0.210,0.005,213,0.005,425,417,11,8
8.8,1150,263,36,3,0.02,421,2.27,0.090,0.005,183,0.005,148,161,9,11
10.3,2974,188,36,3,0.02,829,2.05,0.090,0.010,143,0.005,283,239,11,3
39.6,4308,337,71,844,0.02,383,3.95,0.250,0.005,174,0.005,871,4635,12,2
14.7,2943,305,53,19,0.02,66,2.52,0.260,0.005,134,0.060,313,304,10,2
10.2,1486,337,31,19,0.02,56,2.26,0.120,0.005,156,0.005,69,209,12,0
10.4,3168,419,68,15,0.02,37,3.09,0.250,0.005,180,0.040,317,215,12,4
17.2,3730,610,76,25,0.02,47,2.77,0.240,0.005,88,0.005,800,291,9,1
8.6,1132,278,37,20,0.01,77,2.36,0.080,0.005,65,0.005,117,108,7,4
16.4,3450,354,91,25,0.01,93,3.21,0.240,0.005,101,0.020,256,220,15,0
16.2,8006,413,337,25,0.07,27,4.36,1.330,0.005,49,0.370,765,277,51,3
4.4,1066,45,148,31,0.08,103,6.22,1.440,0.020,16,0.710,331,144,144,2
2.0,2520,37,311,59,0.09,309,14.05,0.680,0.020,17,0.005,320,340,230,2
1.2,221,28,184,30,0.03,145,3.45,0.690,0.005,14,0.110,375,71,157,8
2.5,636,105,166,18,0.07,73,5.17,2.110,0.005,10,0.430,485,103,120,1
4.4,622,131,154,11,0.09,47,3.02,1.990,0.005,26,0.560,516,80,95,1
12.8,3250,684,417,19,0.05,49,4.16,1.570,0.005,28,0.590,895,244,83,3
6.0,669,782,831,12,0.07,45,2.78,1.680,0.005,87,0.830,418,94,77,1
31.3,1533,2059,136,34,0.02,62,4.16,0.100,0.005,95,0.005,178,145,38,1
29.2,2939,2117,144,65,0.01,111,6.68,0.070,0.005,104,0.005,297,325,58,1
13.8,559,722,54,8,0.02,96,3.65,0.040,0.005,153,0.005,24,99,23,8
13.4,482,952,37,3,0.01,80,3.92,0.010,0.005,124,0.005,14,95,17,4
14.1,320,411,39,6,0.02,228,3.24,0.020,0.005,149,0.005,21,81,10,4
7.7,413,501,21,3,0.01,334,2.37,0.010,0.005,162,0.005,25,69,14,8
7.5,352,1137,28,3,0.01,144,2.26,0.010,0.005,168,0.010,23,62,13,3
10.1,1320,794,26,12,0.01,340,4.74,0.010,0.005,188,0.010,42,82,22,3
41.2,7511,2104,155,25,0.01,176,5.75,0.080,0.005,194,0.005,880,291,27,3
21.2,1509,1448,57,11,0.01,139,3.80,0.020,0.005,186,0.005,57,117,27,1
10.0,438,1066,48,3,0.02,103,2.19,0.010,0.005,93,0.005,32,69,14,3
8.5,258,761,51,3,0.01,147,1.96,0.005,0.005,160,0.005,15,57,11,2
18.8,549,1113,88,3,0.01,509,1.55,0.020,0.005,81,0.020,21,64,8,7
3.7,206,27,326,20,0.02,8,1.14,0.800,0.005,10,0.170,522,117,109,18
3.5,302,23,330,8,0.01,14,1.94,0.970,0.005,19,0.180,526,93,93,19
3.8,346,17,317,7,0.02,25,3.85,0.780,0.005,8,0.160,658,144,126,28
3.4,431,10,334,24,0.05,57,6.85,0.060,0.005,12,0.080,468,93,157,33
2.2,369,5,311,3,0.06,46,4.01,0.530,0.080,48,0.050,248,47,149,16
2.4,1314,8,255,3,0.04,86,5.13,1.080,0.110,54,0.050,611,86,161,27
1.7,1409,8,117,35,0.05,103,7.12,0.110,0.005,9,0.050,309,197,138,30
0.6,681,7,585,3,0.05,201,3.50,2.470,0.530,253,0.300,65,20,121,69
0.2,129,12,767,3,0.52,44,4.70,2.510,2.090,3364,1.000,16,8,122,299
0.2,110,3,762,3,0.39,54,4.35,3.230,1.920,4532,0.560,30,6,111,395
2.7,1093,7,486,53,0.02,159,8.24,0.560,0.020,47,0.070,608,128,136,188
4.6,577,12,406,49,0.01,69,5.55,1.190,0.005,13,0.140,1001,232,96,23
3.3,473,22,308,13,0.01,61,4.65,2.000,0.005,10,0.250,947,205,117,12
1.8,440,20,705,6,0.03,16,3.18,2.780,0.005,6,0.280,772,245,135,14
2.1,188,19,237,3,0.03,10,2.57,2.600,0.005,9,0.350,846,111,105,19
2.4,267,31,583,3,0.03,8,2.84,2.780,0.005,3,0.270,1063,202,111,3
2.9,271,59,243,10,0.03,25,4.10,2.590,0.005,3,0.280,1472,106,100,7
7.0,563,341,310,27,0.05,50,5.58,2.500,0.005,5,0.330,1440,324,120,12
10.8,178,29,609,41,0.05,959,5.44,2.230,0.005,16,0.270,984,533,94,3
4.2,532,20,292,69,0.07,84,7.28,1.930,0.005,7,0.340,1262,792,134,3
5.9,299,28,464,3,0.03,13,2.87,2.430,0.005,12,0.290,1269,443,175,8
5.8,1314,13,542,9,0.05,29,4.69,2.350,0.005,3,0.250,1128,885,193,5
5.0,255,8,628,8,0.06,216,5.53,2.290,0.005,15,0.240,673,439,153,12
29.8,390,10,286,29,0.07,195,7.71,1.660,0.030,42,0.230,556,287,144,15
5.5,512,17,404,14,0.06,151,9.95,1.990,0.005,8,0.300,905,1903,169,3
1.7,416,3,310,5,0.10,139,12.86,1.740,0.005,3,0.270,746,709,205,3
3.3,336,10,340,8,0.06,79,10.62,1.450,0.005,9,0.300,830,166,154,13
11.1,327,28,307,6,0.08,59,4.77,1.940,0.005,7,0.230,930,693,146,7
13.1,618,23,975,3,0.09,68,4.47,2.500,0.005,12,0.430,1872,868,149,7
6.7,632,8,561,3,0.15,86,8.78,0.590,0.005,28,0.150,660,405,225,7
7.7,515,8,574,8,0.10,99,8.72,0.420,0.005,13,0.150,311,459,282,8
4.3,498,15,505,11,0.04,82,4.52,1.340,0.005,3,0.170,343,85,259,3
3.2,579,8,591,32,0.08,77,4.76,0.480,0.005,6,0.120,306,117,238,8
8.4,377,10,394,85,0.05,135,7.67,0.400,0.005,7,0.160,283,604,268,3
2.1,584,19,362,12,0.06,93,7.73,0.480,0.005,8,0.180,301,259,275,9
5.5,2236,13,625,3,0.01,49,6.47,0.330,0.005,6,0.090,1346,927,244,21
0.7,43,20,433,3,2.72,24,4.12,1.680,0.380,554,2.170,34,3,127,119
0.8,65,30,527,3,2.06,24,4.10,2.140,0.420,778,1.890,23,7,124,102
1.7,127,12,210,19,0.10,22,2.44,0.470,0.030,105,0.140,542,177,135,23
1.0,43,16,403,17,0.05,19,1.23,0.670,0.010,41,0.160,1019,129,115,7
1.1,54,18,252,12,0.06,22,1.68,0.090,0.010,45,0.100,1050,102,97,13
1.8,218,34,96,41,0.05,27,3.95,0.120,0.020,93,0.090,550,135,160,23
0.6,69,42,483,3,2.63,22,4.26,1.840,1.170,1160,2.330,78,7,130,276
0.5,115,24,472,3,3.28,23,4.23,1.700,0.680,900,2.580,75,3,134,280
0.7,38,25,336,3,2.85,21,3.95,1.390,0.920,666,2.240,19,3,123,115
0.5,72,21,454,3,3.84,33,4.87,1.180,1.480,957,2.720,34,3,159,151
0.9,166,25,450,3,3.85,61,5.59,1.230,1.470,1124,2.510,30,6,200,223
1.3,277,27,339,8,1.30,54,5.09,0.810,1.220,643,1.210,78,50,194,285
2.7,854,12,286,159,0.17,11,7.99,0.130,0.030,382,0.170,85,226,249,69
0.8,496,34,340,3,0.44,46,5.05,1.310,0.850,279,0.640,27,51,202,223
0.8,1169,25,257,3,0.46,56,4.82,0.740,1.670,2102,1.910,17,17,190,172
0.8,440,33,185,3,0.41,64,4.93,0.780,1.340,1167,1.790,53,14,192,401
1.0,315,24,236,3,1.75,56,4.92,0.710,1.100,2433,2.210,31,7,191,208
0.4,409,18,312,3,2.17,61,5.03,0.760,1.050,1126,2.790,39,11,200,292
0.3,485,31,271,3,1.01,42,5.18,0.610,1.930,3299,2.320,61,7,191,327
0.1,381,24,383,3,0.60,17,5.87,0.820,2.340,3734,1.820,21,13,215,258
0.2,604,28,393,3,0.47,60,4.83,1.570,1.130,1556,0.520,14,27,213,166
0.5,609,58,504,3,0.62,72,5.01,1.800,0.920,261,0.230,37,42,207,108
1.4,901,37,217,3,0.71,70,5.90,1.340,0.980,245,0.240,78,74,234,533
0.3,1126,23,260,3,0.35,62,6.98,1.220,0.140,98,0.140,163,93,216,442
0.5,2857,24,272,8,0.65,93,7.46,1.310,0.220,137,0.150,72,112,222,247
0.5,939,29,224,6,0.65,86,6.25,0.860,1.160,458,0.210,22,70,214,108
2.6,929,26,344,10,0.75,89,6.49,1.960,0.660,233,0.470,53,62,221,146
0.1,520,32,319,3,0.72,99,6.35,2.090,0.800,174,0.200,19,32,209,35
0.3,474,26,182,3,0.67,95,6.07,1.050,2.050,451,0.220,11,33,211,74
0.9,563,30,244,3,0.57,59,5.88,1.070,2.090,602,0.210,15,26,224,102
0.5,377,17,301,3,0.51,41,5.19,0.870,1.400,968,1.970,10,12,188,164
10.8,639,24,589,20,0.06,79,3.03,1.510,0.060,200,0.310,626,306,98,28
10.0,642,31,226,40,0.03,22,1.89,1.870,0.040,90,0.460,841,419,106,14
8.7,498,24,282,20,0.03,19,1.95,1.810,0.020,104,0.440,778,265,94,21
10.7,384,33,518,19,0.15,35,2.87,1.710,0.160,296,0.390,556,295,94,52
2.4,92,21,1354,3,0.41,42,3.78,2.660,0.430,881,1.310,97,45,100,161
1.2,65,28,1067,3,0.85,49,4.07,2.690,0.460,474,1.600,29,7,110,138
0.8,37,14,931,3,0.99,40,3.33,2.780,0.380,322,1.910,37,3,82,114
0.8,56,20,888,3,1.33,36,3.34,2.730,0.440,323,2.110,38,10,87,115
0.4,18,16,764,3,2.43,29,3.52,2.200,0.640,852,2.840,13,3,95,82
0.4,31,17,699,3,2.15,27,3.46,2.390,0.660,730,2.720,21,3,102,81
0.3,16,14,671,3,2.06,21,3.90,2.580,0.560,672,2.730,23,3,118,76
0.5,34,19,662,3,1.70,23,3.79,2.540,0.400,397,2.410,48,6,121,92
0.5,18,15,621,3,2.31,21,3.58,2.610,0.410,632,2.560,20,3,107,86
0.3,34,15,573,3,2.18,28,3.00,2.480,0.620,700,1.650,23,3,79,76
0.3,15,15,654,3,1.83,20,3.11,2.910,0.470,466,2.190,22,3,77,77
0.3,26,15,538,3,2.29,18,3.03,2.650,0.580,667,1.570,32,3,70,83
0.3,17,15,576,3,2.57,25,3.28,2.530,0.640,796,1.940,19,3,76,86
0.3,13,12,634,3,2.28,21,2.89,2.890,0.540,682,1.890,21,3,69,84
0.4,17,13,595,3,2.12,27,2.83,2.630,0.580,796,1.700,25,3,70,85
0.1,30,17,612,3,2.07,30,3.13,2.420,0.730,1099,1.510,17,3,66,76
0.3,22,12,635,3,2.13,18,4.34,2.540,0.450,893,2.230,33,28,120,73
0.4,20,14,662,3,2.22,24,4.44,2.620,0.480,984,2.270,13,3,148,80
0.4,24,12,624,3,2.15,18,4.03,2.330,0.550,1035,2.520,33,3,122,78
0.5,21,14,642,3,2.10,18,4.50,2.550,0.540,1012,2.550,14,3,136,100
0.5,21,12,602,3,2.44,20,4.42,2.210,0.610,1188,2.450,18,3,133,97
0.5,30,14,593,3,3.22,18,4.38,1.970,0.640,1361,2.940,17,3,129,100
0.8,46,12,638,3,2.78,18,4.39,1.560,0.720,1094,2.460,42,3,131,110
0.4,129,17,254,3,1.41,21,6.11,0.820,1.000,586,0.140,7,3,135,103
2.9,248,23,1428,3,0.19,48,3.84,1.740,0.310,460,0.420,196,108,97,165
3.3,242,16,887,6,0.22,53,2.92,1.670,0.320,168,0.340,255,140,89,88
1.5,184,13,1532,3,0.36,58,3.87,2.370,0.480,384,0.420,70,42,102,131
0.6,311,6,1279,3,0.35,74,5.42,2.850,0.390,318,0.420,11,24,103,201
0.9,260,3,1492,3,0.34,78,4.28,2.280,0.350,303,0.390,18,33,83,214
0.5,145,3,1337,3,0.27,72,3.19,2.350,0.560,206,0.340,20,13,104,119
0.6,158,5,1795,3,0.21,80,3.20,2.580,0.500,373,0.380,27,14,100,129
0.4,122,3,423,3,0.36,64,3.45,2.860,0.720,1524,0.530,20,10,96,586
0.8,89,10,1397,3,0.45,38,3.36,3.270,1.070,1259,0.430,16,11,92,367
0.2,143,3,1391,3,0.50,37,4.11,3.120,1.250,3433,0.430,22,13,85,830
0.5,185,3,444,3,0.17,49,2.74,3.310,0.340,255,0.380,116,21,88,380
2.5,394,3,240,25,0.07,55,3.60,0.290,0.040,55,0.150,935,182,108,122
3.0,469,12,664,38,0.09,45,6.51,0.380,0.050,106,0.210,386,180,88,118
90.1,330,23,4288,937,0.03,13,1.17,0.100,0.020,34,0.020,405,1003,20,47
70.0,245,31,381,1042,0.03,20,1.25,0.050,0.010,79,0.010,547,1724,16,32
48.7,199,17,238,754,0.02,8,0.57,0.060,0.010,31,0.020,313,1415,13,28
73.2,362,17,590,725,0.02,21,1.68,0.060,0.010,93,0.010,256,2237,13,19
212.0,778,36,2616,2417,0.02,11,1.14,0.030,0.005,34,0.010,394,7186,7,29
43.0,436,19,5284,664,0.02,22,1.37,0.050,0.010,92,0.010,124,2532,15,20
46.6,413,24,4056,495,0.02,14,1.01,0.040,0.010,43,0.020,109,1790,8,14
32.2,331,25,2098,305,0.02,32,1.73,0.020,0.005,77,0.010,92,2430,7,15
26.1,504,36,1908,621,0.01,40,1.11,0.010,0.005,20,0.005,123,2123,4,6
20.9,326,94,1468,356,0.01,32,2.10,0.010,0.005,96,0.005,108,2250,8,22
14.5,215,64,1416,134,0.01,12,0.82,0.010,0.005,23,0.005,49,525,6,9
10.9,165,38,1522,124,0.01,25,1.47,0.005,0.005,96,0.005,42,455,8,7
12.4,205,50,1021,347,0.01,10,0.69,0.005,0.005,22,0.005,64,746,6,8
10.7,182,33,769,64,0.01,16,0.68,0.005,0.005,28,0.005,70,329,5,9
17.4,400,55,1848,204,0.01,34,1.98,0.020,0.005,72,0.005,257,1277,8,10
18.0,168,110,2241,68,0.01,14,0.93,0.010,0.005,21,0.010,53,440,8,10
28.6,197,131,4202,88,0.01,25,1.32,0.010,0.005,77,0.005,49,687,8,11
28.3,171,247,1070,39,0.01,3,0.35,0.005,0.005,19,0.005,29,359,5,6
23.6,245,185,1750,83,0.01,8,0.41,0.005,0.005,25,0.005,89,642,4,12
26.8,157,111,4410,146,0.01,9,0.59,0.010,0.005,20,0.005,122,754,5,8
39.5,217,113,1065,174,0.32,19,1.18,0.040,0.005,24,0.010,158,1202,15,16
45.8,334,64,1229,161,0.03,114,4.74,0.040,0.005,19,0.005,120,788,19,9
33.8,319,65,1418,648,0.03,75,3.99,0.030,0.005,19,0.005,174,1319,15,12
46.5,891,96,1274,1187,0.02,91,8.02,0.040,0.005,16,0.010,359,2401,21,11
46.8,2104,232,791,1355,0.02,182,15.84,0.050,0.005,12,0.005,681,4300,46,6
56.4,1430,466,2254,907,0.03,264,18.86,0.020,0.005,10,0.005,423,1816,17,7
44.5,1363,191,2042,574,0.02,87,7.43,0.020,0.005,17,0.020,204,1833,7,10
90.7,5523,233,818,355,0.02,46,5.77,0.100,0.005,13,0.010,1365,5536,4,9
27.7,3128,148,375,99,0.02,15,1.85,0.040,0.005,17,0.005,286,1376,3,7
60.2,11800,310,442,153,0.01,38,6.32,0.160,0.005,15,0.010,2847,3072,3,5
92.5,11400,347,1792,243,0.01,36,6.93,0.130,0.005,12,0.005,1506,2593,5,6
65.5,2488,356,257,81,0.02,60,8.14,0.030,0.005,12,0.005,304,744,7,25
55.9,2004,295,160,97,0.02,32,4.97,0.070,0.005,20,0.010,541,864,4,8
62.9,2169,341,810,98,0.02,61,8.71,0.020,0.005,13,0.005,526,848,6,7
44.3,1448,295,311,58,0.02,33,5.29,0.010,0.005,13,0.005,207,410,5,3
25.5,1633,168,356,62,0.02,27,4.73,0.010,0.005,20,0.005,237,621,7,5
13.5,1651,140,75,48,0.02,26,5.20,0.005,0.005,16,0.005,222,463,6,3
29.2,897,129,122,36,0.05,11,1.59,0.050,0.005,21,0.010,425,289,5,11
22.1,826,189,148,29,0.02,13,1.69,0.020,0.005,20,0.005,263,255,5,3
21.9,368,133,201,88,0.02,3,0.55,0.005,0.005,14,0.005,212,600,5,16
15.4,289,61,37,12,0.02,6,0.30,0.010,0.005,16,0.005,36,125,8,10
13.6,182,39,226,21,0.02,6,0.39,0.005,0.005,21,0.005,17,122,5,3
8.6,500,36,214,18,0.02,7,0.24,0.005,0.005,23,0.005,9,136,8,9
25.2,958,50,97,18,0.02,19,0.37,0.020,0.005,19,0.005,147,168,9,8
18.8,417,65,495,14,0.02,8,0.58,0.040,0.005,15,0.010,60,99,6,13
22.1,653,87,116,18,0.03,7,0.63,0.030,0.005,18,0.005,95,160,5,9
89.9,2423,171,419,48,0.02,6,0.98,0.120,0.005,12,0.020,395,517,4,3
41.0,965,124,154,59,0.03,13,1.40,0.090,0.010,36,0.020,229,363,8,18
66.9,1286,174,3170,102,0.04,9,1.41,0.150,0.005,15,0.020,303,440,5,9
65.4,4277,472,2295,98,0.02,28,4.25,0.210,0.005,17,0.010,369,981,10,13
27.6,1956,435,5269,107,0.02,79,8.41,0.030,0.005,16,0.020,171,497,18,6
58.7,3839,681,1479,68,0.02,28,2.87,0.070,0.005,22,0.010,134,526,9,10
149.5,3044,730,1476,83,0.02,40,4.01,0.040,0.005,20,0.005,568,1126,16,6
45.7,4080,1052,2706,72,0.01,97,9.26,0.040,0.005,19,0.005,326,855,39,3
37.9,1377,588,1407,47,0.01,74,5.43,0.005,0.005,16,0.005,97,285,19,3
30.2,1874,510,2026,44,0.02,75,4.86,0.020,0.005,20,0.005,119,601,16,3
38.2,1751,699,945,36,0.03,108,5.98,0.010,0.010,22,0.005,163,452,13,3
85.0,8413,1275,1555,46,0.01,157,8.11,0.060,0.005,18,0.005,120,400,19,3
41.5,4143,891,964,50,0.01,73,6.00,0.060,0.005,24,0.005,161,493,15,3
11.9,717,415,857,16,0.01,31,2.63,0.030,0.005,24,0.005,105,180,7,3
20.3,1217,481,582,13,0.01,235,2.27,0.040,0.005,23,0.005,148,277,8,3
15.3,1041,367,310,14,0.01,108,2.44,0.030,0.005,20,0.005,117,278,9,3
18.0,1312,621,132,15,0.01,48,4.54,0.060,0.005,14,0.005,331,350,10,3
29.1,3362,1486,606,40,0.01,68,8.13,0.310,0.005,23,0.005,1487,1393,20,3
42.3,3573,1472,303,61,0.02,92,8.79,0.390,0.005,22,0.005,1689,1425,17,7
15.3,1593,426,160,12,0.01,123,6.05,0.190,0.005,24,0.005,368,274,7,5
8.2,608,355,114,7,0.01,293,3.18,0.030,0.005,27,0.005,52,90,3,6
24.4,1946,748,305,21,0.01,439,5.04,0.260,0.005,28,0.070,368,248,10,3
56.2,2365,1791,309,14,0.01,182,5.26,0.380,0.005,30,0.005,473,144,7,5
17.5,815,932,272,12,0.01,190,2.99,0.080,0.005,21,0.005,151,107,4,9
27.6,1535,781,426,26,0.01,147,4.71,0.190,0.005,26,0.005,531,175,6,7
47.7,6630,1378,510,79,0.01,169,14.66,0.540,0.005,28,0.005,1744,535,31,3
34.7,2696,640,1266,195,0.11,136,5.91,0.990,0.130,178,0.140,687,849,42,62
38.8,6410,1035,311,33,0.03,97,6.31,0.450,0.030,52,0.040,204,345,22,23
24.0,2141,799,181,12,0.01,471,2.17,0.150,0.005,31,0.010,64,125,10,9
16.0,2091,404,457,14,0.02,246,1.74,0.080,0.010,36,0.020,38,114,8,13
25.1,437,700,503,10,0.01,291,1.58,0.040,0.005,29,0.005,47,76,6,6
45.8,2730,1436,490,26,0.01,224,2.37,0.100,0.005,34,0.005,164,217,4,7
29.9,1565,764,378,11,0.01,206,1.83,0.050,0.005,28,0.010,84,125,5,6
22.0,1069,478,457,8,0.01,443,2.61,0.020,0.005,25,0.005,54,89,4,8
42.9,3890,1157,333,12,0.01,230,1.84,0.020,0.005,25,0.005,49,125,5,4
158.9,9898,4133,702,16,0.01,462,3.01,0.030,0.005,35,0.005,90,183,5,8
280.6,24900,8967,544,16,0.02,839,4.24,0.010,0.005,27,0.010,93,312,7,10
75.3,5282,1888,235,9,0.03,392,2.09,0.050,0.005,29,0.020,54,136,7,7
61.8,6620,2464,185,9,0.01,291,2.11,0.020,0.005,57,0.005,52,138,6,4
30.3,2244,1674,165,14,0.01,345,2.77,0.020,0.005,59,0.005,77,143,6,6
54.1,3463,2235,176,15,0.01,311,2.58,0.030,0.005,69,0.005,64,137,6,6
50.9,3270,3066,143,17,0.01,231,2.29,0.020,0.005,69,0.005,41,128,7,4
34.4,2829,3959,160,20,0.01,131,2.30,0.030,0.005,110,0.005,53,151,8,3
31.5,1924,4915,166,23,0.02,150,2.27,0.040,0.005,132,0.010,33,160,8,10
42.0,1957,5183,114,21,0.01,171,2.35,0.030,0.005,106,0.005,45,156,7,9
45.3,2267,2600,94,8,0.03,169,1.38,0.010,0.005,29,0.020,48,112,5,6
17.9,1442,1584,64,8,0.01,187,1.76,0.010,0.005,27,0.005,54,104,6,7
17.5,1381,1293,75,10,0.01,221,1.63,0.010,0.005,39,0.005,39,95,7,4
42.6,1083,1928,107,10,0.01,211,1.72,0.010,0.005,37,0.005,49,98,6,4
55.9,2065,3639,148,16,0.01,288,2.16,0.010,0.005,146,0.005,77,185,10,4
35.4,158,67,364,7,0.08,13,0.90,2.030,0.020,50,0.210,1096,203,52,12
8.7,217,90,404,3,0.03,16,1.27,2.040,0.005,20,0.210,966,143,55,13
3.7,160,53,378,3,0.01,6,1.29,1.870,0.005,10,0.160,697,70,56,12
2.9,128,55,439,3,0.06,12,2.19,2.410,0.005,7,0.220,1029,197,68,1
8.7,89,21,375,3,0.08,7,1.72,2.450,0.005,9,0.270,841,102,79,3
4.2,129,15,295,3,0.02,14,1.71,2.650,0.005,16,0.190,1120,117,85,27
3.1,111,15,358,3,0.04,3,1.00,2.390,0.005,11,0.300,906,95,69,10
1.9,238,21,376,3,0.01,6,2.31,2.600,0.005,6,0.190,770,93,64,20
1.9,117,40,385,3,0.01,3,1.40,2.380,0.005,7,0.150,594,67,72,9
4.2,195,51,490,3,0.02,3,1.62,1.530,0.005,7,0.110,1184,224,88,19
7.3,72,26,362,3,0.02,7,1.47,2.180,0.005,5,0.230,998,77,84,32
2.4,128,22,286,3,0.05,3,1.75,2.390,0.005,6,0.280,900,81,82,32
2.8,192,18,519,3,0.08,3,1.04,2.680,0.005,8,0.290,1485,94,91,15
9.1,130,23,453,3,0.06,14,1.04,2.260,0.005,7,0.210,1019,66,88,16
13.7,179,21,258,3,0.02,23,2.43,2.110,0.005,3,0.270,911,111,74,6
1.6,375,33,365,3,0.03,10,4.58,2.300,0.005,6,0.370,1330,125,88,2
1.2,465,19,425,3,0.03,3,4.96,1.620,0.005,17,0.240,1385,109,56,11
2.9,257,21,449,3,0.01,3,2.25,1.770,0.005,6,0.290,1126,95,59,3
15.8,298,50,348,9,0.01,7,2.32,0.960,0.005,12,0.130,795,105,34,1
21.5,673,104,239,59,0.02,9,2.35,0.610,0.005,23,0.070,1378,750,23,15
23.9,224,134,222,19,0.02,10,1.24,0.280,0.005,34,0.030,318,284,20,12
51.8,226,55,64,3,0.03,14,1.32,0.050,0.005,30,0.005,89,130,14,50
28.6,451,164,81,19,0.01,12,2.64,0.100,0.005,30,0.005,231,144,14,4
101.4,620,1235,102,1566,0.05,21,3.08,0.060,0.010,58,0.030,856,2718,12,21
58.7,653,1263,94,1279,0.01,32,1.22,0.040,0.005,29,0.005,395,2230,5,27
42.0,298,154,100,166,0.02,23,0.69,0.010,0.010,53,0.005,72,543,7,8
42.7,363,195,80,111,0.01,20,0.73,0.005,0.005,53,0.005,52,263,8,23
31.2,304,263,64,65,0.01,24,0.67,0.005,0.005,66,0.005,98,255,10,4
97.1,633,223,223,162,0.01,24,0.94,0.005,0.005,66,0.005,101,1295,8,14
74.3,401,163,54,70,0.01,29,1.05,0.005,0.005,65,0.005,124,437,11,13
211.7,236,150,50,43,0.01,3,0.55,0.005,0.005,33,0.005,242,234,15,6
181.9,485,236,48,162,0.02,40,0.50,0.005,0.005,31,0.005,174,1006,7,53
154.3,524,137,40,33,0.01,3,0.43,0.005,0.005,29,0.005,66,289,4,24
155.4,366,61,22,10,0.01,3,0.44,0.005,0.005,28,0.005,18,54,4,30
86.7,526,116,27,14,0.01,3,0.32,0.005,0.005,23,0.005,50,97,3,34
62.5,455,212,38,22,0.01,3,0.40,0.005,0.005,22,0.005,154,147,2,5
45.1,519,151,167,35,0.02,8,0.93,0.005,0.005,33,0.005,70,170,4,40
70.4,264,122,305,12,0.01,3,0.52,0.005,0.005,25,0.005,80,82,4,24
86.0,956,655,249,50,0.01,15,1.73,0.060,0.005,30,0.005,480,527,7,25
33.5,422,134,37,16,0.01,18,1.33,0.005,0.005,26,0.005,46,254,6,5
18.6,548,81,98,8,0.01,31,2.04,0.005,0.005,31,0.005,71,202,7,0
11.3,1620,260,42,19,0.02,88,11.27,0.010,0.005,20,0.005,190,96,10,0
47.9,7220,591,105,45,0.01,167,17.74,0.070,0.005,16,0.005,546,940,14,0
39.6,551,201,16,31,0.01,47,3.22,0.005,0.005,31,0.005,40,108,6,8
58.9,1227,590,37,47,0.03,52,5.25,0.020,0.005,36,0.005,115,404,12,28
69.1,1220,4015,272,170,0.01,38,4.16,0.690,0.005,31,0.110,1098,1352,30,0
79.2,1233,768,394,204,0.07,37,4.83,2.030,0.005,36,0.330,1609,1043,61,43
17.3,634,196,485,29,0.03,77,5.45,2.070,0.005,31,0.300,1125,327,61,65
40.0,2606,993,137,40,0.07,82,8.06,1.630,0.005,42,0.330,755,722,57,0
18.2,870,378,267,28,0.02,96,7.67,1.740,0.005,28,0.340,373,269,58,6
2.3,396,48,147,6,0.10,103,7.69,1.880,0.005,13,0.490,367,144,88,5
1.9,546,16,232,7,0.02,87,6.04,1.190,0.005,11,0.220,408,143,88,4
19.4,1074,1437,112,34,0.09,447,11.44,1.430,0.020,24,0.330,650,311,72,0
2.9,240,81,315,3,0.03,75,3.76,2.200,0.005,16,0.360,847,132,88,0
16.9,5338,1463,46,67,0.03,373,17.44,0.150,0.005,27,0.020,1762,1720,57,23
5.2,1832,313,136,17,0.03,151,9.94,1.450,0.005,28,0.360,825,465,90,2
4.7,197,103,234,8,0.09,117,8.25,1.300,0.005,34,0.650,446,114,67,0
16.5,372,211,107,19,0.01,507,17.13,0.500,0.005,34,0.150,232,300,26,0
19.5,807,446,136,24,0.18,1051,8.66,1.490,0.050,47,0.620,545,422,76,32
1.7,190,61,251,3,0.07,255,5.39,1.870,0.005,26,0.790,400,67,121,8
3.9,364,238,182,3,0.09,854,8.42,1.160,0.010,42,0.530,454,172,72,29
2.9,293,137,166,3,0.20,485,7.79,1.700,0.020,34,0.830,495,134,119,10
2.8,457,92,267,3,0.24,117,5.99,1.410,0.010,29,0.870,588,172,113,7
15.6,700,615,325,12,0.18,240,6.58,1.070,0.010,46,0.670,704,195,86,10
73.4,522,1793,207,78,0.07,137,2.91,0.390,0.005,78,0.200,356,392,35,70
71.7,556,2452,185,55,0.02,70,3.25,0.450,0.005,80,0.120,321,500,28,7
40.9,751,2484,555,65,0.01,119,2.96,2.720,0.005,43,0.490,1106,692,59,12
11.5,1469,335,1710,12,1.64,67,5.30,1.960,0.980,623,2.060,463,124,91,82
2.1,230,60,2495,3,1.50,60,3.99,2.360,1.120,1396,2.230,75,13,110,180
4.1,433,128,1912,3,2.34,52,4.29,2.190,1.420,916,2.640,133,35,107,101
1.6,181,54,1307,3,2.06,53,3.83,2.260,1.430,904,2.610,54,14,104,147
0.7,67,30,958,3,2.54,47,3.65,2.270,1.440,1006,2.960,19,3,106,87
0.6,156,27,968,3,1.77,41,4.43,2.710,1.590,1568,2.530,127,3,120,788
0.8,201,21,785,3,1.27,45,4.72,2.960,1.960,3049,1.630,129,5,130,566
0.6,170,32,901,3,1.40,53,3.90,2.610,1.510,1825,1.980,124,6,110,451
0.6,71,22,839,3,2.19,40,3.34,2.250,1.420,1012,2.790,16,3,100,98
4.7,270,68,685,63,0.16,47,2.46,1.160,0.310,864,0.330,530,164,100,167
9.1,332,70,570,64,0.03,48,1.43,1.120,0.005,1546,0.100,947,366,80,34
3.8,345,50,672,14,0.11,216,2.41,0.770,0.140,3646,0.180,420,139,114,77
1.2,222,22,747,3,0.14,448,3.03,2.210,0.540,773,0.470,266,42,106,155
0.5,326,55,366,3,0.35,1078,3.52,2.530,0.970,382,0.730,131,24,105,305
1.1,313,29,478,3,0.43,545,3.79,3.050,1.290,723,0.710,223,12,103,557
13.5,704,44,517,3,0.08,1923,5.51,1.710,0.190,1122,0.110,298,105,105,123
11.8,1161,97,265,75,0.05,808,4.92,0.050,0.010,540,0.005,507,256,124,39
11.3,1190,52,341,588,0.08,391,2.07,0.020,0.005,373,0.005,705,403,132,38
12.3,356,88,725,32,0.06,78,0.41,2.690,0.010,65,0.210,1382,360,98,10
19.6,620,156,662,12,0.05,103,0.62,2.480,0.005,152,0.170,1312,466,83,9
30.8,2067,165,857,25,0.09,434,2.62,1.280,0.005,361,0.110,1250,710,92,28
34.4,2318,510,895,18,0.05,255,1.68,2.060,0.005,104,0.160,1378,505,93,12
81.1,1069,1310,1405,96,0.04,348,1.66,0.230,0.020,193,0.030,555,1260,20,17
48.1,716,1025,944,67,0.03,337,2.18,0.050,0.005,75,0.005,236,811,14,20
23.7,973,643,661,22,0.04,171,1.52,0.510,0.020,77,0.050,371,463,36,19
20.9,893,900,430,24,0.07,372,3.22,0.840,0.010,47,0.120,531,378,36,13
18.2,780,756,244,52,0.06,227,4.65,1.240,0.005,57,0.190,713,316,36,9
11.1,811,404,438,25,0.06,215,2.89,1.090,0.005,16,0.150,668,354,36,7
15.7,1083,678,782,67,0.07,395,4.01,0.710,0.020,141,0.130,690,505,44,29
15.3,1014,369,588,51,0.04,444,3.45,1.260,0.005,39,0.140,599,398,63,20
16.7,1050,199,575,35,0.15,660,4.58,1.030,0.310,343,0.150,420,230,90,80
0.9,133,26,892,3,1.53,92,4.82,2.190,2.070,6121,1.960,31,16,121,560
0.7,372,20,445,3,1.31,52,4.77,2.150,1.940,4392,1.490,38,14,121,573
0.7,669,58,230,8,1.35,42,5.16,2.130,1.100,1859,1.360,1099,18,118,1131
0.8,559,25,452,23,1.19,43,4.62,2.680,1.700,3739,0.950,153,13,93,593
0.9,482,13,373,3,1.32,38,4.63,2.350,1.840,4159,0.470,125,14,100,596
0.9,436,32,315,3,1.00,76,5.97,2.320,1.670,3334,0.120,102,21,108,472
1.0,605,47,152,3,0.73,53,5.61,2.120,0.950,1646,0.100,812,48,96,378
1.5,723,41,171,3,0.36,62,5.59,2.330,0.450,544,0.050,1719,70,113,1161
1.1,536,39,208,8,0.33,67,4.90,2.280,0.460,345,0.040,600,66,111,692
1.2,437,35,259,3,0.49,75,4.63,2.460,0.600,891,0.050,290,55,113,521
1.2,431,37,241,3,0.97,65,4.28,2.340,0.770,1973,0.050,173,44,110,318
1.0,272,34,401,3,1.49,64,4.40,2.360,1.190,1742,0.050,98,31,106,133
0.9,57,25,881,3,2.48,43,3.79,2.010,1.540,1083,2.090,51,9,102,267
0.6,78,50,812,3,3.38,44,4.20,2.110,2.120,955,2.430,22,3,118,123
0.5,64,17,782,3,2.80,44,3.86,2.200,2.050,837,2.500,15,3,106,92
0.5,39,22,880,3,2.56,48,3.75,2.510,1.860,836,2.520,30,3,104,119
0.6,80,33,841,3,2.68,45,3.94,2.170,1.490,1006,2.410,49,8,106,122
0.9,298,27,551,3,2.23,108,3.58,2.160,1.090,1286,1.510,128,16,84,328
0.5,77,19,710,3,3.02,100,3.57,2.020,1.270,1271,2.170,47,3,92,151
2.3,494,24,393,6,1.69,120,4.85,2.370,1.250,1347,0.500,192,23,106,390
1.6,360,20,536,3,2.21,45,4.27,1.700,1.600,1265,1.640,58,9,99,290
0.9,71,12,849,3,2.84,40,3.83,2.040,1.810,855,2.410,27,3,105,123
1.1,189,12,794,3,2.62,43,4.07,1.990,1.720,1079,2.180,44,8,106,185
0.4,68,13,780,3,2.84,44,4.03,2.190,2.040,843,2.650,11,3,109,96
21.9,570, ,522,32,0.06,46,3.08,0.790,0.040,197,0.140,515,334,59,36
20.5,520,48,457,41,0.03,43,2.72,0.920,0.040,126,0.120,648,471,67,35
18.3,429,40,481,45,0.04,26,2.53,1.440,0.080,135,0.170,795,487,82,38
22.3,534,52,507,58,0.03,32,3.13,1.330,0.070,117,0.150,787,533,89,31
26.3,556,53,304,48,0.03,27,2.56,1.580,0.050,81,0.170,1108,561,88,23
20.2,557,40,345,40,0.03,17,2.24,1.570,0.050,76,0.190,1118,531,96,27
23.9,551,91,420,63,0.07,30,2.80,1.500,0.120,189,0.200,932,654,96,38
10.9,383,47,767,46,0.09,43,4.44,0.870,0.150,198,0.210,642,427,89,74
5.1,950,22,383,13,0.02,39,13.44,0.140,0.005,45,0.100,406,1077,56,60
126.0,711,23,956,707,0.05,40,10.71,0.490,0.020,57,0.140,2124,4850,37,48
99.3,456,57,1084,251,0.05,40,2.98,0.600,0.050,143,0.080,2433,3305,34,94
248.1,660,43,680,2066,0.04,49,3.49,0.060,0.010,59,0.010,1561,4187,6,101
432.0,847,118,200,821,0.02,58,5.77,0.040,0.010,57,0.005,1003,2965,15,78
140.3,892,147,221,679,0.02,72,5.26,0.050,0.005,44,0.005,466,5631,13,57
154.2,1701,179,310,819,0.02,73,8.08,0.020,0.005,38,0.005,611,9165,10,45
93.9,309,166,502,270,0.01,22,1.07,0.020,0.005,36,0.005,456,2626,7,23
96.6,267,120,626,861,0.04,35,0.92,0.030,0.010,65,0.005,383,2206,6,23
67.5,130,197,242,312,0.01,19,0.67,0.020,0.005,49,0.005,94,1077,6,20
64.0,268,122,926,129,0.05,25,1.28,0.380,0.040,76,0.050,412,910,28,29
136.9,507,163,1115,827,0.02,29,1.38,0.020,0.005,45,0.005,784,3703,5,12
89.2,448,128,2220,578,0.02,17,0.63,0.040,0.005,32,0.005,464,1992,6,16
161.5,333,123,3742,1075,0.01,16,0.65,0.020,0.005,27,0.005,933,3708,3,10
54.1,267,123,1358,194,0.01,7,0.43,0.030,0.005,22,0.005,154,1182,7,3
61.0,409,121,4598,659,0.03,13,0.65,0.010,0.010,22,0.005,143,2750,6,3
110.3,1244,272,5488,282,0.01,76,3.74,0.020,0.005,20,0.005,215,2314,10,3
120.0,1232,233,5296,340,0.01,71,3.51,0.010,0.005,20,0.005,237,2871,8,3
215.0,1406,373,6921,496,0.01,45,2.49,0.010,0.005,18,0.005,386,3367,7,3
151.1,3840,394,1679,92,0.01,180,9.63,0.010,0.005,27,0.005,148,1979,20,7
167.7,1732,402,1074,102,0.01,210,12.00,0.010,0.005,16,0.005,107,865,16,5
45.4,1429,151,1473,51,0.01,80,4.59,0.010,0.005,35,0.005,85,630,21,3
42.1,1006,120,1918,27,0.01,80,3.83,0.020,0.005,23,0.005,80,368,15,5
51.0,954,418,303,106,0.01,77,4.32,0.010,0.005,50,0.005,276,933,4,3
88.5,1250,355,2505,257,0.01,74,4.79,0.010,0.005,31,0.005,365,2235,3,3
138.3,1081,353,5279,526,0.01,86,4.28,0.010,0.005,40,0.005,403,2221,4,12
105.3,1018,299,1232,523,0.01,85,4.98,0.090,0.005,26,0.010,354,2452,10,5
290.3,1122,234,4537,4479,0.04,216,4.76,0.060,0.005,31,0.010,1242,10400,3,7
135.8,732,116,3215,1778,0.02,114,2.58,0.040,0.005,69,0.010,494,3643,3,11
74.5,851,121,778,459,0.01,129,4.44,0.020,0.005,58,0.005,225,2468,6,18
66.3,584,93,462,75,0.01,45,2.50,0.010,0.005,30,0.005,130,349,4,3
79.9,374,132,972,127,0.01,34,1.39,0.010,0.005,50,0.005,198,489,4,3
149.6,362,52,1349,82,0.01,39,1.35,0.010,0.005,28,0.005,163,309,5,3
160.0,295,60,879,49,0.01,26,0.97,0.010,0.005,34,0.005,124,403,5,9
68.3,497,73,1412,330,0.01,32,0.94,0.020,0.005,25,0.005,136,1223,4,3
35.7,332,54,460,155,0.01,37,0.75,0.010,0.005,35,0.005,54,557,6,3
83.1,1936,128,454,1538,0.01,9,0.85,0.020,0.005,16,0.005,216,5362,4,3
165.7,19100,405,1318,5158,0.01,49,3.07,0.030,0.005,37,0.005,578,14300,3,3
38.1,1912,88,564,829,0.02,12,0.74,0.030,0.005,16,0.005,86,3049,4,3
19.7,737,104,437,325,0.01,21,0.75,0.030,0.005,32,0.005,27,1267,3,3
22.1,502,50,209,185,0.01,12,0.71,0.020,0.005,19,0.005,27,880,4,3
17.2,314,108,82,506,0.01,23,0.59,0.020,0.005,32,0.005,36,1452,5,3
20.3,178,168,241,353,0.01,6,0.33,0.020,0.005,23,0.005,29,1020,5,3
18.2,713,198,753,147,0.01,27,0.84,0.040,0.005,37,0.005,40,851,3,3
20.8,647,508,840,114,0.01,6,0.75,0.030,0.005,36,0.005,77,656,6,3
23.8,1012,1302,314,50,0.01,33,2.20,0.020,0.005,28,0.005,36,410,4,6
41.6,389,915,1193,55,0.01,6,0.41,0.030,0.005,28,0.005,39,441,5,3
36.6,242,1211,347,65,0.01,19,0.49,0.020,0.005,34,0.005,33,535,4,3
35.8,944, ,748,789,0.01,38,2.78,0.030,0.005,23,0.005,116,3217,7,9
26.6,395, ,282,188,0.01,38,2.11,0.010,0.005,28,0.005,53,796,6,6
38.9,1800,889,563,675,0.01,57,4.45,0.900,0.005,24,0.220,261,2484,27,8
97.3,2267,812,1075,2673,0.01,84,5.66,0.400,0.005,27,0.080,288,7242,19,18
13.8,430,87,673,103,0.01,9,1.22,1.160,0.005,9,0.290,176,560,25,3
21.4,869,180,465,411,0.01,37,2.28,0.910,0.005,23,0.200,211,1495,24,5
6.0,356,97,319,38,0.01,9,0.97,1.210,0.005,6,0.310,181,260,32,9
30.7,2125,368,570,733,0.02,123,12.02,0.500,0.005,18,0.130,286,3747,55,19
22.9,1550,347,484,442,0.02,82,7.30,0.480,0.005,17,0.130,229,3011,39,11
6.2,635,249,145,100,0.01,109,4.58,0.190,0.005,15,0.040,117,1085,22,11
5.2,206,138,264,51,0.01,19,1.52,1.020,0.005,8,0.340,223,425,46,6
9.2,547,132,288,159,0.01,34,2.53,0.800,0.005,8,0.440,237,1071,58,8
4.0,807,29,251,48,0.03,80,2.10,1.230,0.005,8,0.800,370,541,102,3
2.0,881,21,130,17,0.03,975,4.26,1.130,0.005,9,0.830,265,347,122,3
2.9,750,18,367,65,0.02,1335,4.30,1.850,0.005,9,0.580,537,513,153,5
5.7,611,17,230,15,0.03,107,3.82,1.510,0.005,8,0.430,792,313,134,5
28.9,4958, ,386,169,0.03,206,20.49,1.270,0.005,11,0.300,1624,1380,142,13
26.9,1163, ,577,105,0.05,109,7.34,0.670,0.005,16,0.220,468,611,62,9
7.3,689, ,389,61,0.06,56,4.01,1.650,0.005,9,0.520,494,310,94,8
1.6,442, ,210,12,0.03,1801,4.00,1.440,0.005,7,0.480,233,116,70,7
17.5,1547,28,181,340,0.09,805,7.18,1.220,0.005,11,0.480,507,1631,77,12
1.1,328,35,203,3,0.10,423,5.28,1.390,0.005,6,0.850,240,138,69,5
2.3,244,17,873,3,0.15,187,3.78,2.060,0.200,203,0.560,133,49,124,36
0.4,287,15,978,3,0.17,205,3.78,2.980,0.230,186,0.680,24,3,145,34
0.5,273,13,953,3,0.16,137,3.66,2.580,0.150,232,0.770,24,16,150,28
0.8,169,10,937,3,0.24,36,3.55,2.410,0.230,373,0.870,12,3,134,43
1.0,190,10,1042,3,0.24,55,3.92,2.060,0.330,391,0.870,11,3,134,50
0.8,224,11,828,3,0.23,62,4.38,2.010,0.360,431,0.770,16,3,123,29
0.9,213,12,746,3,0.17,55,3.90,1.890,0.230,350,0.620,9,3,126,33
0.7,217,12,712,3,0.37,51,4.12,1.860,0.610,377,0.980,9,3,124,51
0.9,149,12,384,3,0.86,39,4.09,2.150,0.810,430,1.870,3,3,118,60
0.3,194,10,536,3,0.69,46,3.99,2.100,0.650,340,1.570,11,3,113,53
0.7,206,12,519,3,0.87,26,3.78,2.090,0.870,455,1.700,6,3,109,55
0.7,407,12,575,3,0.18,48,3.99,2.220,0.290,250,0.930,6,3,116,24
0.8,358,9,484,3,0.42,55,4.15,2.350,0.610,298,1.210,12,3,114,36
0.8,351,12,748,3,0.11,53,4.42,2.410,0.640,325,0.650,8,3,124,30
1.0,283,10,549,3,0.19,58,4.99,1.660,0.770,419,0.580,8,3,158,77
0.6,352,10,367,3,0.09,51,5.19,1.110,1.140,383,0.340,3,3,172,99
0.8,560,11,260,3,0.14,21,4.65,1.450,0.580,244,0.230,5,13,140,46
0.7,351,9,207,3,0.14,41,6.10,1.650,0.550,113,0.180,13,30,116,65
0.8,430,8,258,3,0.11,36,5.60,1.590,0.400,107,0.130,11,45,117,94
0.1,381,20,234,3,0.12,42,4.82,2.160,0.480,120,0.090,8,34,104,92
0.5,576,23,268,3,0.17,27,5.00,2.410,1.050,227,0.120,5,34,108,128
0.5,786,30,288,3,0.27,32,4.82,2.220,1.140,376,0.490,7,31,107,197
0.4,488,12,276,3,0.62,25,6.67,1.650,1.500,3899,2.170,7,8,99,234
0.5,497,15,250,3,0.52,23,7.38,1.910,0.900,6904,1.920,3,8,98,199
0.3,577,15,285,3,0.53,26,6.38,2.380,0.770,2799,1.610,7,8,93,99
0.6,707,17,384,3,0.55,115,5.59,1.950,1.100,1695,1.260,9,20,91,86
0.4,1252,13,284,3,0.68,37,5.92,1.460,1.380,955,1.490,15,25,88,96
16.5,1934,54,303,67,0.03,15,1.77,2.160,0.060,71,0.440,1444,928,87,17
8.3,1346,23,401,29,0.05,9,1.43,2.290,0.005,12,0.420,1225,380,97,5
6.2,1569,51,496,17,0.03,21,2.76,1.480,0.005,22,0.240,703,256,86,10
5.0,978,30,385,13,0.04,25,2.01,0.940,0.005,15,0.200,685,273,87,12
5.5,537,23,359,16,0.06,19,3.24,1.340,0.005,18,0.270,1023,118,67,8
5.7,821,18,383,11,0.04,18,3.91,1.360,0.005,14,0.160,881,97,92,11
1.5,227,16,416,3,0.08,18,4.21,2.890,0.340,224,0.110,293,37,115,89
0.8,101,15,785,3,0.22,89,4.23,3.310,0.640,1961,0.710,102,10,92,357
0.7,104,21,650,3,0.24,39,4.54,2.910,0.690,2162,1.190,95,13,87,351
0.5,120,15,579,3,0.12,35,3.68,2.880,0.450,260,0.870,55,12,91,121
1.1,157,15,681,3,0.44,60,3.89,2.220,0.690,978,1.240,68,23,114,209
1.4,249,18,356,3,0.03,60,3.89,2.170,0.220,146,0.210,138,35,108,121
0.5,121,11,365,3,0.29,33,3.72,2.860,0.830,2352,0.690,25,11,90,184
0.6,251,11,276,3,0.17,33,3.85,3.730,0.760,3025,0.360,49,12,91,341
2.9,535,15,215,3,0.02,32,4.59,0.930,0.100,119,0.050,3138,290,95,263
8.7,683,15,525,35,0.02,15,5.38,0.460,0.005,21,0.120,1361,279,97,23
8.5,243,13,385,39,0.05,13,3.39,1.630,0.005,15,0.180,743,272,113,15
13.3,343,15,342,76,0.03,20,3.02,1.450,0.005,44,0.190,765,692,73,28
16.0,276,10,307,81,0.05,8,1.82,2.620,0.010,40,0.340,1326,1012,90,21
14.6,189,8,466,38,0.02,11,1.07,2.510,0.005,30,0.350,2671,709,72,9
7.6,170,33,490,30,0.04,21,0.30,2.680,0.005,17,0.430,2463,395,77,11
4.6,194,11,502,61,0.05,7,0.41,2.370,0.005,17,0.390,1183,466,79,19
4.4,225,18,538,80,0.04,3,0.40,1.870,0.005,9,0.370,828,655,60,6
2.6,193,13,546,177,0.02,3,0.44,1.780,0.005,11,0.380,634,1079,57,10
9.3,146,44,290,14,0.01,3,0.45,2.450,0.005,5,0.260,1405,239,90,7
4.2,220,42,265,3,0.02,3,0.39,3.310,0.005,10,0.310,1270,133,121,17
9.3,217,47,500,8,0.02,3,0.45,1.730,0.005,14,0.200,1050,185,74,13
8.2,101,21,527,27,0.03,5,0.30,2.600,0.005,11,0.550,1708,167,79,5
11.3,78,38,389,17,0.01,3,0.26,2.830,0.005,7,0.360,1369,126,82,5
12.7,94,37,554,17,0.02,3,0.28,2.890,0.005,9,0.270,930,326,88,3
57.1,156,25,340,208,0.04,7,0.88,2.730,0.005,10,0.400,1210,1530,126,3
6.7,83,30,486,3,0.01,13,0.99,2.510,0.005,26,0.360,941,116,100,5
29.3,311,51,269,15,0.01,7,2.54,2.020,0.005,16,0.300,1682,406,101,10
32.1,946,51,615,3980,0.04,32,5.62,0.810,0.005,28,0.160,805,11300,49,8
10.0,451,29,564,493,0.04,24,2.55,1.910,0.005,42,0.240,1009,2837,99,11
5.1,92,10,593,59,0.03,3,0.46,1.720,0.005,16,0.160,481,526,62,6
4.4,180,13,594,13,0.04,22,1.44,2.020,0.005,42,0.190,650,157,71,10
4.2,466,18,362,16,0.01,13,3.31,1.860,0.005,8,0.180,1363,315,90,10
2.5,471,10,582,24,0.06,30,4.87,0.760,0.005,38,0.110,363,203,81,9
5.0,402,10,445,49,0.04,13,2.85,1.430,0.005,20,0.180,462,326,81,10
48.4,305,378,489,29,0.01,20,3.65,1.040,0.005,16,0.160,684,304,49,2
19.1,197,74,371,16,0.04,27,0.93,0.890,0.005,52,0.130,442,368,26,10
49.2,125,91,79,23,0.01,3,0.55,0.120,0.005,24,0.010,196,466,8,4
52.3,113,124,100,36,0.02,25,0.95,0.190,0.005,60,0.020,227,414,11,4
17.8,144,101,315,10,0.03,3,0.85,2.250,0.005,9,0.340,879,121,71,5
23.7,312,207,353,14,0.02,22,2.24,2.320,0.005,47,0.350,1452,200,86,3
26.1,550,651,382,25,0.02,22,2.87,1.270,0.005,17,0.140,1091,316,42,6
29.4,279,512,567,29,0.03,33,2.34,1.970,0.005,101,0.210,1008,247,59,5
36.3,218,141,503,32,0.02,7,0.86,0.420,0.005,23,0.060,318,294,20,4
27.4,341,209,511,62,0.03,18,1.93,1.930,0.005,24,0.550,907,913,78,3
26.9,197,147,463,26,0.03,3,1.02,1.780,0.005,14,0.340,872,359,100,7
25.6,157,23,536,16,0.03,3,0.76,2.290,0.005,18,0.470,1333,283,142,7
21.6,171,63,332,20,0.01,3,0.92,1.970,0.005,14,0.400,1397,303,100,7
13.9,339,193,478,23,0.02,6,1.46,2.400,0.005,8,0.540,1410,491,121,4
14.2,180,28,416,23,0.06,3,0.58,2.520,0.005,9,0.570,1268,381,126,3
16.5,158,38,499,36,0.05,3,0.52,2.290,0.005,11,0.560,1168,419,127,6
13.4,138,47,337,44,0.05,3,0.66,1.720,0.005,16,0.370,1232,442,131,9
11.5,205,38,320,29,0.02,5,1.16,2.530,0.005,7,0.510,1590,299,150,7
15.8,1373,81,527,30,0.05,8,2.07,2.450,0.005,15,0.430,3145,486,138,8
41.9,3439,152,293,49,0.03,32,4.19,1.990,0.005,39,0.290,3404,1054,96,8
47.6,703,73,299,75,0.02,3,1.34,2.000,0.005,20,0.530,2214,1901,86,7
36.9,916,93,386,113,0.02,21,1.89,1.710,0.005,49,0.390,1928,1218,86,12
19.3,288,105,339,40,0.02,3,1.37,1.780,0.005,13,0.500,1089,569,116,7
13.7,2604,48,485,27,0.07,25,4.25,1.890,0.090,73,0.210,1022,331,157,23
1.4,598,7,633,3,0.04,85,6.85,3.080,0.510,252,0.130,158,72,170,77
0.6,247,3,248,3,0.06,260,5.32,3.030,0.970,602,0.100,139,46,181,299
0.7,273,7,127,3,0.13,191,6.26,2.740,0.700,432,0.180,205,52,148,288
3.1,564,15,481,5,0.08,95,5.90,1.670,0.450,307,0.240,493,111,182,171
8.7,298,22,325,9,0.11,17,2.00,0.490,0.160,79,0.110,831,190,145,56
11.9,225,20,448,13,0.10,36,2.07,0.880,0.090,95,0.130,427,230,171,32
9.7,185,13,365,3,0.08,24,1.25,0.940,0.030,55,0.140,243,259,158,12
6.0,241,18,382,3,0.04,28,1.38,1.360,0.040,65,0.210,291,278,215,23
4.2,192,36,465,21,0.48,26,2.88,1.950,0.430,470,0.770,577,213,97,64
4.4,294,34,503,19,0.24,42,2.66,1.530,0.240,319,0.540,618,334,88,65
0.8,247,24,609,9,0.10,16,1.32,0.860,0.010,16,0.180,620,270,68,11
2.1,632,22,706,6,0.11,18,5.85,0.800,0.020,19,0.250,526,332,80,18
2.6,601,19,559,11,0.10,8,4.68,1.060,0.005,15,0.300,620,320,84,16
3.1,324,18,353,15,0.11,9,3.22,1.910,0.005,12,0.380,844,205,70,11
5.2,331,13,271,19,0.16,5,2.71,2.140,0.005,12,0.590,1161,300,83,14
14.2,288,14,551,64,0.14,5,1.86,2.050,0.005,12,0.480,1437,830,86,11
10.7,142,15,316,35,0.12,4,0.96,2.820,0.005,10,0.380,1269,656,93,8
6.3,90,15,346,18,0.10,4,0.72,2.530,0.005,9,0.370,1033,287,78,6
5.1,153,15,627,29,0.10,4,0.94,3.110,0.005,11,0.400,1144,320,88,9
6.8,224,17,272,50,0.07,5,1.54,2.750,0.005,9,0.340,1340,326,59,8
5.1,218,42,337,16,0.05,5,1.02,3.220,0.005,9,0.380,2376,192,61,7
7.3,1003,94,267,9,0.04,6,2.83,2.400,0.005,10,0.270,2762,154,62,6
9.2,234,58,615,43,0.08,5,0.78,3.020,0.010,14,0.360,1484,401,68,15
5.3,113,97,379,6,0.12,4,0.58,2.920,0.020,18,0.460,1223,111,64,17
3.9,103,115,659,3,0.11,3,0.76,2.500,0.020,19,0.360,1260,107,70,9
4.4,97,69,456,14,0.13,5,0.88,3.120,0.030,20,0.360,1315,136,81,17
2.7,115,54,919,12,0.10,6,1.31,3.060,0.010,17,0.360,1625,150,70,10
3.5,207,38,302,3,0.11,11,2.21,2.490,0.020,17,0.290,1301,95,65,15
2.6,198,41,741,8,0.11,7,1.82,3.240,0.020,16,0.340,1515,105,96,11
2.5,150,35,317,3,0.10,7,1.63,3.260,0.020,14,0.340,1674,79,96,12
1.8,102,42,443,10,0.08,4,1.18,3.750,0.005,12,0.520,1566,117,95,8
3.3,90,39,356,19,0.04,3,0.78,3.200,0.005,10,0.540,1709,265,82,4
5.7,115,53,681,23,0.05,4,0.74,3.360,0.005,12,0.520,1701,302,97,6
9.2,83,68,409,45,0.08,8,0.39,3.460,0.005,17,0.490,1866,347,111,7
9.8,102,118,349,28,0.05,17,0.41,3.450,0.010,15,0.320,1341,232,96,7
33.2,587,326,287,78,0.05,8,1.33,2.430,0.005,21,0.270,1338,597,72,9
17.4,354,105,949,20,0.11,4,0.71,2.930,0.040,21,0.400,1848,579,72,13
12.4,339,55,873,32,0.07,2,0.45,3.150,0.010,16,0.360,2205,577,70,28
7.4,333,40,634,17,0.04,3,0.49,3.630,0.005,12,0.320,2180,374,82,6
8.3,239,61,780,25,0.09,4,0.52,3.180,0.020,18,0.340,2022,338,78,11
7.8,210,98,266,17,0.08,16,0.64,2.420,0.020,20,0.280,1384,308,74,14
15.6,1428,73,506,30,0.05,6,0.64,2.730,0.005,12,0.260,1465,247,64,8
5.6,361,37,406,8,0.13,2,0.32,3.020,0.030,17,0.450,1263,143,65,8
11.9,1657,176,246,26,0.11,6,0.93,3.310,0.020,15,0.340,1648,380,96,11
9.4,1799,122,229,27,0.04,4,3.16,3.340,0.005,12,0.240,1241,302,94,7
8.5,1133,75,145,28,0.11,4,2.54,2.810,0.030,21,0.280,1571,395,112,5
17.8,613,88,318,23,0.06,5,2.03,2.350,0.005,14,0.210,1191,270,99,9
10.0,308,35,311,22,0.08,4,0.83,2.240,0.005,12,0.380,1123,287,126,6
15.4,486,24,135,50,0.16,5,1.07,2.380,0.040,13,0.550,2036,454,131,7
10.8,388,35,359,19,0.08,4,1.08,1.750,0.005,29,0.370,1392,353,104,8
12.1,196,30,367,31,0.07,4,0.45,1.790,0.005,11,0.470,1182,384,131,6
7.4,130,29,185,15,0.18,10,0.43,2.720,0.030,11,0.560,1388,224,166,5
15.1,230,23,356,40,0.07,5,0.92,1.710,0.005,17,0.310,1203,358,106,8
32.4,208,20,220,47,0.16,5,0.86,1.480,0.030,44,0.280,1467,387,110,10
11.4,149,20,140,92,0.18,8,0.32,2.860,0.050,29,0.520,1020,423,156,8
18.4,153,18,501,50,0.10,6,0.65,1.720,0.010,20,0.370,687,251,92,11
34.3,237,18,307,307,0.10,9,1.33,2.250,0.010,16,0.620,1187,793,99,13
16.5,288,46,341,123,0.07,4,1.71,1.810,0.005,10,0.400,1034,373,94,9
20.6,288,49,225,170,0.14,29,1.72,1.650,0.030,25,0.430,868,541,76,10
47.3,567,446,310,63,0.04,21,0.68,0.240,0.005,46,0.060,283,563,15,7
42.7,846,667,382,111,0.05,41,1.33,0.610,0.005,32,0.110,541,737,30,27
58.4,199,365,134,32,0.03,7,0.34,0.040,0.005,21,0.020,202,320,6,9
59.1,532,553,318,56,0.06,16,0.88,0.440,0.005,23,0.100,658,506,19,9
49.9,557,110,137,17,0.03,6,0.62,0.170,0.005,19,0.030,354,259,8,9
21.0,533,59,156,18,0.03,7,0.43,0.220,0.005,19,0.060,213,244,11,9
10.4,2588,53,324,18,0.10,8,1.05,2.350,0.005,10,0.520,1013,194,121,10
4.2,327,25,292,9,0.11,5,0.79,2.580,0.010,13,0.480,855,143,138,9
4.1,165,22,279,10,0.05,5,0.46,2.410,0.005,13,0.490,821,97,122,10
4.5,239,27,251,15,0.11,5,1.00,2.220,0.020,17,0.630,750,145,136,9
3.4,292,29,332,13,0.08,4,1.23,2.460,0.010,13,0.510,828,93,138,9
4.6,338,28,228,16,0.17,8,1.79,2.930,0.040,23,0.700,1048,107,134,14
7.9,451,21,288,14,0.09,4,1.49,2.470,0.010,15,0.530,963,137,117,9
13.5,2008,43,228,36,0.10,8,3.75,2.860,0.010,9,0.570,1070,213,161,6
13.4,2669,39,238,28,0.11,46,9.82,1.800,0.020,11,0.420,752,194,132,5
5.7,1937,33,444,13,0.12,35,9.96,1.240,0.020,12,0.260,426,101,254,4
4.6,516,25,311,3,0.14,12,1.93,1.690,0.010,12,0.460,425,108,250,6
3.5,327,39,328,8,0.17,8,1.32,1.980,0.020,12,0.460,392,198,241,6
3.1,624,43,385,10,0.18,10,2.55,1.200,0.070,28,0.310,440,283,232,11
5.2,1445,21,506,69,0.19,12,4.61,0.920,0.070,21,0.280,708,368,233,11
5.5,799,24,390,12,0.09,42,2.96,1.550,0.090,130,0.400,686,344,111,21
2.2,564,19,253,8,0.10,25,1.73,1.820,0.060,80,0.620,637,352,94,31
1.3,1840,14,220,8,0.06,12,2.89,2.130,0.005,15,0.580,4907,1041,65,4
1.5,420,16,337,3,0.11,17,1.27,2.230,0.005,13,0.680,912,209,67,5
2.2,488,14,272,13,0.11,31,1.78,1.630,0.005,12,0.580,445,356,60,7
1.0,525,14,242,6,0.09,12,1.35,2.010,0.005,9,0.570,1034,518,77,9
1.0,856,12,318,8,0.07,11,2.64,1.940,0.005,12,0.480,801,517,74,5
0.6,302,15,275,5,0.11,7,1.23,2.230,0.005,11,0.550,935,261,80,3
1.1,121,14,326,8,0.16,8,0.65,2.480,0.005,17,0.630,492,110,87,2
1.6,129,12,259,25,0.11,4,0.47,2.400,0.005,11,0.540,603,248,80,3
20.0,261,27,321,47,0.06,6,0.54,1.870,0.005,12,0.340,458,521,64,5
42.3,270,26,208,304,0.01,3,0.52,0.610,0.005,14,0.100,395,1478,24,14
28.0,368,27,438,75,0.02,7,2.09,1.400,0.005,11,0.200,922,1186,52,3
7.2,502,21,200,28,0.22,10,2.89,2.130,0.005,11,0.600,3328,560,128,3
7.7,841,23,221,15,0.24,5,1.82,1.710,0.005,11,0.500,3717,338,121,2
140.6,475,373,899,112,0.07,7,1.11,0.440,0.005,19,0.140,1044,1138,27,3
292.4,1064,763,2035,523,0.02,13,1.57,0.180,0.005,20,0.050,485,4043,10,1
157.8,441,310,2682,315,0.01,15,1.05,0.030,0.005,24,0.005,234,1871,5,1
161.0,560,363,2441,203,0.01,16,0.84,0.040,0.005,27,0.005,311,988,12,2
100.0,694,244,2406,598,0.01,17,1.03,0.030,0.005,29,0.010,339,1662,6,4
54.9,1234,191,1627,1084,0.01,47,1.58,0.050,0.005,20,0.005,987,14400,7,6
206.3,2472,230,1016,1343,0.02,91,2.76,0.400,0.005,24,0.010,1768,23300,12,4
86.7,1710,229,651,343,0.01,20,2.42,0.530,0.005,20,0.020,974,5327,18,2
44.1,730,144,3094,222,0.13,10,0.76,0.110,0.005,20,0.005,464,2167,17,2
59.0,698,180,1352,404,0.01,14,0.82,0.180,0.005,37,0.010,484,2829,17,8
122.5,1163,313,1133,2006,0.01,21,1.10,0.250,0.005,31,0.020,821,8382,16,1
83.8,908,200,1202,2208,0.01,22,0.79,0.150,0.005,19,0.010,570,5611,9,7
99.8,1219,182,3514,6498,0.02,48,0.88,0.120,0.005,22,0.010,571,18800,7,1
40.2,843,75,1229,3615,0.84,35,0.70,0.020,0.005,46,0.020,400,13600,7,14
42.1,864,72,5124,2256,0.03,23,0.73,0.090,0.005,25,0.020,420,5791,9,2
32.0,636,82,5625,1305,0.01,70,0.69,0.020,0.005,17,0.005,215,4887,8,1
32.0,579,97,7442,837,0.01,14,0.48,0.020,0.005,19,0.005,121,5349,11,0
58.4,1153,109,873,2657,0.02,51,1.41,0.220,0.005,18,0.020,623,13300,21,15
142.8,2360,151,1757,4385,0.02,66,1.93,0.320,0.005,19,0.010,1073,28000,17,2
56.0,1280,179,2265,601,0.01,28,1.84,0.330,0.005,18,0.005,237,4803,14,1
128.0,1911,135,1334,1829,0.01,33,1.76,0.180,0.005,23,0.010,1508,16300,17,0
133.1,1769,841,1965,620,0.01,19,2.41,0.240,0.005,29,0.020,1914,5000,52,0
83.1,1225,326,865,363,0.01,20,2.86,0.390,0.005,35,0.030,1169,3339,94,1
44.9,1809,70,233,241,0.02,46,4.59,1.560,0.005,19,0.200,1186,2205,85,0
30.8,2544,22,910,106,0.04,192,23.70,0.320,0.005,15,0.030,1232,1382,73,0
37.5,1892,17,228,69,0.05,75,11.62,1.500,0.005,13,0.330,1049,673,112,0
26.8,942,12,215,52,0.06,41,6.34,1.340,0.005,16,0.480,641,445,82,1
17.0,786,14,259,62,0.04,55,6.71,1.500,0.005,16,0.200,616,529,90,1
28.8,683,10,240,23,0.05,46,5.81,1.720,0.005,14,0.230,591,420,97,2
39.5,1591,15,325,66,0.07,74,8.86,1.120,0.005,14,0.180,1416,934,93,3
15.6,6243,12,416,29,0.05,82,24.03,0.870,0.005,13,0.030,4327,1379,109,0
